{
  "version": "4.9",
  "timestamp": "2025-11-24T15:20:36.989615+00:00",
  "coherence": 0.47118449709415133,
  "num_vectors": 0,
  "vector_dim": 0,
  "stage_weights": {
    "flow": 0.13858695652173914,
    "wave": 0.0018115942028985507,
    "resonance": 0.11684782608695653,
    "harmony": 0.39945652173913043,
    "field": 0.09963768115942029,
    "vectors": 0.24365942028985507
  },
  "notes": "v4.9 successfully synthesized semantic attractor map from upstream meaning stack."
}