{
  "meta": {
    "version": "5.0",
    "timestamp": "2025-11-24T15:30:55.062647+00:00",
    "description": "Voynich Translation Surface v5.0"
  },
  "coherence": 0.47118449709415133,
  "stage_weights": {
    "flow": 0.13858695652173914,
    "wave": 0.0018115942028985507,
    "resonance": 0.11684782608695653,
    "harmony": 0.39945652173913043,
    "field": 0.09963768115942029,
    "vectors": 0.24365942028985507
  }
}