{
  "folio": "F102R1",
  "total_lines": 126,
  "total_tokens": 366,
  "rel_counts": {
    "REL_AL": 1,
    "REL_OR": 4
  },
  "state_counts": {
    "STATE_Y": 21,
    "STATE_AIIN": 7,
    "STATE_AIN": 3
  },
  "rel_freq": {
    "REL_AL": 0.00273224043715847,
    "REL_OR": 0.01092896174863388
  },
  "state_freq": {
    "STATE_Y": 0.05737704918032787,
    "STATE_AIIN": 0.01912568306010929,
    "STATE_AIN": 0.00819672131147541
  },
  "token_length_hist": {
    "2": 27,
    "4": 26,
    "6": 23,
    "10": 15,
    "8": 15,
    "1": 94,
    "15": 1,
    "3": 16,
    "5": 28,
    "7": 10,
    "9": 8,
    "11": 5,
    "14": 1,
    "18": 1,
    "12": 5,
    "13": 4,
    "16": 25,
    "17": 23,
    "56": 12,
    "62": 3,
    "61": 3,
    "29": 3,
    "63": 3,
    "65": 3,
    "57": 3,
    "51": 3,
    "74": 3,
    "48": 3
  }
}