{
  "folio": "F102V1",
  "total_lines": 159,
  "total_tokens": 537,
  "rel_counts": {
    "REL_AL": 1,
    "REL_Q": 3
  },
  "state_counts": {
    "STATE_Y": 48
  },
  "rel_freq": {
    "REL_AL": 0.00186219739292365,
    "REL_Q": 0.00558659217877095
  },
  "state_freq": {
    "STATE_Y": 0.0893854748603352
  },
  "token_length_hist": {
    "2": 43,
    "4": 38,
    "6": 43,
    "10": 15,
    "8": 31,
    "1": 113,
    "15": 4,
    "3": 22,
    "5": 64,
    "7": 16,
    "9": 19,
    "11": 8,
    "14": 1,
    "12": 4,
    "13": 1,
    "16": 31,
    "58": 3,
    "53": 5,
    "62": 1,
    "59": 9,
    "17": 42,
    "57": 6,
    "55": 6,
    "42": 3,
    "60": 3,
    "54": 3,
    "26": 3
  }
}