{
  "folio": "F102V2",
  "total_lines": 249,
  "total_tokens": 824,
  "rel_counts": {
    "REL_OR": 5,
    "REL_OL": 7,
    "REL_Q": 6
  },
  "state_counts": {
    "STATE_Y": 44,
    "STATE_AIIN": 9
  },
  "rel_freq": {
    "REL_OR": 0.006067961165048544,
    "REL_OL": 0.00849514563106796,
    "REL_Q": 0.007281553398058253
  },
  "state_freq": {
    "STATE_Y": 0.05339805825242718,
    "STATE_AIIN": 0.010922330097087379
  },
  "token_length_hist": {
    "2": 43,
    "4": 84,
    "6": 61,
    "10": 12,
    "8": 27,
    "1": 169,
    "15": 9,
    "3": 35,
    "5": 121,
    "7": 35,
    "9": 14,
    "11": 19,
    "14": 1,
    "12": 6,
    "16": 44,
    "17": 91,
    "13": 2,
    "62": 3,
    "45": 3,
    "59": 6,
    "73": 3,
    "72": 3,
    "70": 3,
    "51": 2,
    "50": 1,
    "60": 3,
    "57": 6,
    "54": 6,
    "56": 3,
    "55": 6,
    "31": 3
  }
}