{
  "folio": "F103V",
  "total_lines": 181,
  "total_tokens": 351,
  "rel_counts": {
    "REL_Q": 13,
    "REL_OR": 4,
    "REL_OL": 8
  },
  "state_counts": {
    "STATE_Y": 37,
    "STATE_AIIN": 5
  },
  "rel_freq": {
    "REL_Q": 0.037037037037037035,
    "REL_OR": 0.011396011396011397,
    "REL_OL": 0.022792022792022793
  },
  "state_freq": {
    "STATE_Y": 0.10541310541310542,
    "STATE_AIIN": 0.014245014245014245
  },
  "token_length_hist": {
    "2": 7,
    "4": 5,
    "6": 11,
    "10": 3,
    "8": 7,
    "1": 84,
    "15": 25,
    "3": 3,
    "5": 7,
    "7": 5,
    "9": 5,
    "11": 1,
    "24": 1,
    "12": 1,
    "69": 6,
    "66": 5,
    "47": 5,
    "70": 9,
    "68": 7,
    "71": 2,
    "41": 2,
    "16": 81,
    "35": 2,
    "67": 7,
    "72": 2,
    "49": 4,
    "60": 11,
    "62": 6,
    "43": 3,
    "63": 3,
    "53": 3,
    "64": 4,
    "65": 2,
    "58": 4,
    "34": 2,
    "61": 5,
    "40": 5,
    "59": 2,
    "57": 4
  }
}