{
  "folio": "F104V",
  "total_lines": 159,
  "total_tokens": 310,
  "rel_counts": {
    "REL_Q": 4,
    "REL_OR": 2,
    "REL_OL": 2
  },
  "state_counts": {
    "STATE_Y": 16,
    "STATE_AIIN": 3
  },
  "rel_freq": {
    "REL_Q": 0.012903225806451613,
    "REL_OR": 0.0064516129032258064,
    "REL_OL": 0.0064516129032258064
  },
  "state_freq": {
    "STATE_Y": 0.05161290322580645,
    "STATE_AIIN": 0.00967741935483871
  },
  "token_length_hist": {
    "2": 7,
    "4": 5,
    "6": 9,
    "10": 3,
    "8": 7,
    "1": 79,
    "15": 19,
    "3": 3,
    "5": 7,
    "7": 5,
    "9": 5,
    "11": 1,
    "24": 1,
    "12": 1,
    "79": 4,
    "71": 6,
    "73": 8,
    "72": 6,
    "39": 2,
    "78": 8,
    "76": 4,
    "16": 70,
    "74": 8,
    "65": 4,
    "80": 4,
    "51": 2,
    "57": 2,
    "85": 2,
    "48": 2,
    "37": 2,
    "75": 6,
    "58": 2,
    "83": 2,
    "77": 2,
    "56": 2,
    "44": 2,
    "49": 2,
    "70": 4,
    "47": 2
  }
}