{
  "folio": "F105V",
  "total_lines": 179,
  "total_tokens": 356,
  "rel_counts": {
    "REL_OL": 6,
    "REL_AL": 3
  },
  "state_counts": {
    "STATE_Y": 29,
    "STATE_AIIN": 4
  },
  "rel_freq": {
    "REL_OL": 0.016853932584269662,
    "REL_AL": 0.008426966292134831
  },
  "state_freq": {
    "STATE_Y": 0.08146067415730338,
    "STATE_AIIN": 0.011235955056179775
  },
  "token_length_hist": {
    "2": 7,
    "4": 5,
    "6": 9,
    "10": 3,
    "8": 7,
    "1": 73,
    "15": 28,
    "3": 3,
    "5": 7,
    "7": 5,
    "9": 5,
    "11": 1,
    "24": 1,
    "12": 1,
    "71": 9,
    "74": 15,
    "55": 3,
    "70": 15,
    "49": 3,
    "75": 3,
    "73": 6,
    "16": 87,
    "72": 6,
    "63": 6,
    "51": 3,
    "68": 9,
    "50": 3,
    "66": 6,
    "42": 3,
    "67": 6,
    "57": 6,
    "69": 6,
    "31": 3,
    "27": 3
  }
}