{
  "folio": "F105R",
  "total_lines": 158,
  "total_tokens": 364,
  "rel_counts": {
    "REL_OL": 6
  },
  "state_counts": {
    "STATE_Y": 31,
    "STATE_AIIN": 2
  },
  "rel_freq": {
    "REL_OL": 0.016483516483516484
  },
  "state_freq": {
    "STATE_Y": 0.08516483516483517,
    "STATE_AIIN": 0.005494505494505495
  },
  "token_length_hist": {
    "2": 21,
    "4": 12,
    "6": 16,
    "10": 10,
    "8": 11,
    "1": 98,
    "15": 20,
    "3": 9,
    "5": 13,
    "7": 8,
    "9": 6,
    "11": 3,
    "24": 1,
    "12": 1,
    "72": 13,
    "58": 2,
    "67": 6,
    "66": 2,
    "32": 2,
    "16": 59,
    "41": 3,
    "75": 2,
    "71": 4,
    "61": 2,
    "77": 2,
    "70": 4,
    "44": 2,
    "73": 6,
    "69": 2,
    "34": 4,
    "76": 6,
    "48": 2,
    "63": 2,
    "74": 2,
    "64": 2,
    "51": 2,
    "68": 2,
    "30": 2
  }
}