{
  "folio": "F106V",
  "total_lines": 269,
  "total_tokens": 527,
  "rel_counts": {
    "REL_OR": 4,
    "REL_OL": 13,
    "REL_Q": 4
  },
  "state_counts": {
    "STATE_Y": 58,
    "STATE_AIIN": 3
  },
  "rel_freq": {
    "REL_OR": 0.007590132827324478,
    "REL_OL": 0.024667931688804556,
    "REL_Q": 0.007590132827324478
  },
  "state_freq": {
    "STATE_Y": 0.11005692599620494,
    "STATE_AIIN": 0.0056925996204933585
  },
  "token_length_hist": {
    "2": 7,
    "4": 5,
    "6": 9,
    "10": 3,
    "8": 7,
    "1": 82,
    "15": 39,
    "3": 3,
    "5": 7,
    "7": 5,
    "9": 5,
    "11": 1,
    "24": 1,
    "12": 1,
    "70": 12,
    "75": 9,
    "73": 4,
    "54": 8,
    "78": 4,
    "77": 5,
    "30": 4,
    "76": 5,
    "16": 157,
    "50": 4,
    "71": 25,
    "65": 4,
    "45": 8,
    "69": 21,
    "39": 4,
    "67": 24,
    "64": 4,
    "60": 4,
    "34": 4,
    "68": 9,
    "35": 4,
    "44": 4,
    "31": 4,
    "74": 4,
    "25": 4,
    "72": 4,
    "61": 4,
    "17": 5
  }
}