{
  "folio": "F106R",
  "total_lines": 220,
  "total_tokens": 430,
  "rel_counts": {
    "REL_OL": 6
  },
  "state_counts": {
    "STATE_Y": 35,
    "STATE_AIIN": 5
  },
  "rel_freq": {
    "REL_OL": 0.013953488372093023
  },
  "state_freq": {
    "STATE_Y": 0.08139534883720931,
    "STATE_AIIN": 0.011627906976744186
  },
  "token_length_hist": {
    "2": 8,
    "4": 5,
    "6": 9,
    "10": 3,
    "8": 7,
    "1": 84,
    "15": 31,
    "3": 3,
    "5": 7,
    "7": 6,
    "9": 5,
    "11": 2,
    "24": 4,
    "12": 1,
    "74": 12,
    "38": 3,
    "75": 6,
    "70": 12,
    "47": 3,
    "71": 6,
    "50": 3,
    "16": 117,
    "65": 10,
    "37": 3,
    "72": 6,
    "55": 3,
    "67": 13,
    "73": 3,
    "49": 3,
    "77": 3,
    "48": 3,
    "62": 3,
    "68": 9,
    "66": 9,
    "39": 4,
    "59": 3,
    "32": 3,
    "45": 3,
    "63": 6,
    "64": 3,
    "42": 3
  }
}