{
  "folio": "F107R",
  "total_lines": 233,
  "total_tokens": 451,
  "rel_counts": {
    "REL_OL": 11,
    "REL_AL": 1,
    "REL_Q": 3
  },
  "state_counts": {
    "STATE_Y": 33,
    "STATE_AIIN": 3
  },
  "rel_freq": {
    "REL_OL": 0.024390243902439025,
    "REL_AL": 0.0022172949002217295,
    "REL_Q": 0.0066518847006651885
  },
  "state_freq": {
    "STATE_Y": 0.07317073170731707,
    "STATE_AIIN": 0.0066518847006651885
  },
  "token_length_hist": {
    "2": 7,
    "4": 5,
    "6": 9,
    "10": 3,
    "8": 7,
    "1": 86,
    "15": 28,
    "3": 3,
    "5": 7,
    "7": 5,
    "9": 5,
    "11": 1,
    "24": 1,
    "12": 1,
    "69": 29,
    "77": 6,
    "59": 3,
    "72": 3,
    "48": 3,
    "68": 12,
    "70": 9,
    "16": 128,
    "30": 3,
    "71": 6,
    "65": 9,
    "67": 18,
    "25": 3,
    "17": 3,
    "27": 3,
    "73": 3,
    "53": 3,
    "66": 9,
    "23": 3,
    "58": 3,
    "64": 3,
    "34": 3,
    "60": 6,
    "36": 6,
    "32": 3,
    "56": 3
  }
}