{
  "folio": "F10R",
  "total_lines": 88,
  "total_tokens": 246,
  "rel_counts": {
    "REL_AL": 1,
    "REL_Q": 9
  },
  "state_counts": {
    "STATE_Y": 13
  },
  "rel_freq": {
    "REL_AL": 0.0040650406504065045,
    "REL_Q": 0.036585365853658534
  },
  "state_freq": {
    "STATE_Y": 0.052845528455284556
  },
  "token_length_hist": {
    "2": 16,
    "4": 11,
    "6": 21,
    "10": 5,
    "8": 10,
    "1": 61,
    "15": 10,
    "3": 21,
    "5": 9,
    "7": 8,
    "11": 3,
    "9": 6,
    "12": 1,
    "16": 1,
    "14": 27,
    "55": 6,
    "56": 6,
    "50": 3,
    "53": 3,
    "27": 3,
    "60": 3,
    "58": 3,
    "54": 3,
    "61": 3,
    "37": 3
  }
}