{
  "folio": "F10V",
  "total_lines": 70,
  "total_tokens": 197,
  "rel_counts": {
    "REL_Q": 8
  },
  "state_counts": {
    "STATE_Y": 7,
    "STATE_AIN": 8,
    "STATE_AIIN": 8
  },
  "rel_freq": {
    "REL_Q": 0.04060913705583756
  },
  "state_freq": {
    "STATE_Y": 0.03553299492385787,
    "STATE_AIN": 0.04060913705583756,
    "STATE_AIIN": 0.04060913705583756
  },
  "token_length_hist": {
    "2": 11,
    "4": 10,
    "6": 15,
    "10": 4,
    "8": 9,
    "1": 51,
    "15": 1,
    "3": 19,
    "5": 7,
    "7": 7,
    "11": 1,
    "9": 4,
    "12": 1,
    "16": 1,
    "14": 28,
    "52": 4,
    "54": 4,
    "32": 4,
    "49": 8,
    "47": 4,
    "45": 4
  }
}