{
  "folio": "F111R",
  "total_lines": 247,
  "total_tokens": 472,
  "rel_counts": {
    "REL_Q": 18
  },
  "state_counts": {
    "STATE_Y": 54,
    "STATE_AIIN": 9,
    "STATE_AIN": 2
  },
  "rel_freq": {
    "REL_Q": 0.038135593220338986
  },
  "state_freq": {
    "STATE_Y": 0.11440677966101695,
    "STATE_AIIN": 0.019067796610169493,
    "STATE_AIN": 0.00423728813559322
  },
  "token_length_hist": {
    "2": 7,
    "4": 7,
    "6": 9,
    "10": 3,
    "8": 6,
    "1": 93,
    "15": 28,
    "3": 3,
    "5": 6,
    "7": 4,
    "9": 6,
    "11": 1,
    "24": 1,
    "12": 1,
    "72": 18,
    "75": 9,
    "74": 15,
    "76": 9,
    "47": 3,
    "78": 12,
    "81": 12,
    "79": 12,
    "16": 135,
    "84": 3,
    "80": 6,
    "73": 15,
    "82": 9,
    "89": 3,
    "83": 3,
    "71": 3,
    "25": 3,
    "77": 6,
    "68": 3,
    "36": 3,
    "69": 3,
    "57": 3,
    "70": 3,
    "67": 3,
    "40": 3
  }
}