{
  "folio": "F112R",
  "total_lines": 249,
  "total_tokens": 493,
  "rel_counts": {
    "REL_OR": 3,
    "REL_Q": 16
  },
  "state_counts": {
    "STATE_Y": 68
  },
  "rel_freq": {
    "REL_OR": 0.006085192697768763,
    "REL_Q": 0.032454361054766734
  },
  "state_freq": {
    "STATE_Y": 0.13793103448275862
  },
  "token_length_hist": {
    "2": 8,
    "4": 8,
    "6": 10,
    "10": 4,
    "8": 7,
    "1": 85,
    "15": 34,
    "3": 3,
    "5": 8,
    "7": 5,
    "9": 6,
    "11": 2,
    "24": 1,
    "12": 1,
    "52": 4,
    "45": 7,
    "44": 4,
    "46": 7,
    "49": 7,
    "50": 4,
    "16": 139,
    "28": 4,
    "51": 11,
    "54": 15,
    "39": 7,
    "58": 12,
    "55": 12,
    "23": 3,
    "66": 4,
    "61": 8,
    "65": 4,
    "22": 3,
    "60": 8,
    "62": 12,
    "63": 16,
    "64": 4,
    "56": 4,
    "59": 4,
    "57": 4,
    "67": 4
  }
}