{
  "folio": "F113R",
  "total_lines": 270,
  "total_tokens": 531,
  "rel_counts": {},
  "state_counts": {
    "STATE_Y": 47,
    "STATE_AIIN": 5
  },
  "rel_freq": {},
  "state_freq": {
    "STATE_Y": 0.08851224105461393,
    "STATE_AIIN": 0.009416195856873822
  },
  "token_length_hist": {
    "2": 8,
    "4": 9,
    "6": 10,
    "10": 4,
    "8": 8,
    "1": 96,
    "15": 37,
    "3": 5,
    "5": 9,
    "7": 5,
    "9": 6,
    "11": 2,
    "24": 1,
    "12": 1,
    "79": 11,
    "81": 11,
    "29": 4,
    "76": 8,
    "84": 4,
    "85": 4,
    "52": 4,
    "77": 28,
    "72": 23,
    "16": 147,
    "82": 4,
    "60": 4,
    "80": 4,
    "26": 4,
    "34": 3,
    "74": 3,
    "73": 10,
    "78": 16,
    "42": 4,
    "66": 4,
    "70": 3,
    "36": 4,
    "25": 4,
    "46": 2,
    "75": 3,
    "68": 3,
    "69": 3,
    "28": 2,
    "71": 3,
    "51": 3
  }
}