{
  "folio": "F113V",
  "total_lines": 226,
  "total_tokens": 442,
  "rel_counts": {
    "REL_OR": 6,
    "REL_OL": 6,
    "REL_Q": 6
  },
  "state_counts": {
    "STATE_Y": 27,
    "STATE_AIIN": 3
  },
  "rel_freq": {
    "REL_OR": 0.013574660633484163,
    "REL_OL": 0.013574660633484163,
    "REL_Q": 0.013574660633484163
  },
  "state_freq": {
    "STATE_Y": 0.06108597285067873,
    "STATE_AIIN": 0.006787330316742082
  },
  "token_length_hist": {
    "2": 8,
    "4": 8,
    "6": 10,
    "10": 4,
    "8": 7,
    "1": 90,
    "15": 28,
    "3": 3,
    "5": 8,
    "7": 5,
    "9": 6,
    "11": 2,
    "24": 3,
    "12": 1,
    "81": 3,
    "82": 6,
    "45": 3,
    "87": 3,
    "42": 3,
    "80": 3,
    "74": 6,
    "52": 3,
    "16": 117,
    "79": 3,
    "71": 12,
    "37": 3,
    "73": 3,
    "68": 24,
    "57": 3,
    "77": 3,
    "46": 3,
    "69": 9,
    "27": 3,
    "76": 3,
    "72": 3,
    "91": 1,
    "88": 2,
    "67": 11,
    "44": 3,
    "30": 3,
    "47": 3,
    "34": 3,
    "66": 6,
    "40": 3,
    "63": 2,
    "31": 3
  }
}