{
  "folio": "F114R",
  "total_lines": 217,
  "total_tokens": 458,
  "rel_counts": {
    "REL_Q": 17,
    "REL_OR": 3
  },
  "state_counts": {
    "STATE_Y": 38,
    "STATE_AIN": 3,
    "STATE_AIIN": 4
  },
  "rel_freq": {
    "REL_Q": 0.03711790393013101,
    "REL_OR": 0.006550218340611353
  },
  "state_freq": {
    "STATE_Y": 0.08296943231441048,
    "STATE_AIN": 0.006550218340611353,
    "STATE_AIIN": 0.008733624454148471
  },
  "token_length_hist": {
    "2": 14,
    "4": 11,
    "6": 19,
    "10": 9,
    "8": 11,
    "1": 100,
    "15": 28,
    "3": 3,
    "5": 12,
    "7": 6,
    "9": 7,
    "11": 2,
    "24": 3,
    "12": 1,
    "63": 3,
    "68": 3,
    "74": 3,
    "71": 9,
    "73": 3,
    "55": 3,
    "77": 6,
    "16": 105,
    "45": 3,
    "80": 9,
    "72": 12,
    "76": 18,
    "79": 9,
    "53": 9,
    "82": 3,
    "81": 6,
    "25": 2,
    "50": 3,
    "49": 5,
    "85": 6,
    "40": 3,
    "67": 3,
    "69": 3,
    "78": 3
  }
}