{
  "folio": "F115R",
  "total_lines": 168,
  "total_tokens": 323,
  "rel_counts": {
    "REL_Q": 4
  },
  "state_counts": {
    "STATE_Y": 29,
    "STATE_AIIN": 4
  },
  "rel_freq": {
    "REL_Q": 0.01238390092879257
  },
  "state_freq": {
    "STATE_Y": 0.08978328173374613,
    "STATE_AIIN": 0.01238390092879257
  },
  "token_length_hist": {
    "2": 7,
    "4": 7,
    "6": 9,
    "10": 3,
    "8": 6,
    "1": 84,
    "15": 19,
    "3": 3,
    "5": 6,
    "7": 4,
    "9": 6,
    "11": 1,
    "24": 1,
    "12": 1,
    "78": 8,
    "74": 4,
    "58": 2,
    "77": 6,
    "51": 4,
    "62": 2,
    "16": 74,
    "73": 6,
    "53": 5,
    "76": 2,
    "75": 4,
    "82": 2,
    "43": 2,
    "85": 2,
    "56": 2,
    "80": 1,
    "79": 1,
    "70": 4,
    "71": 3,
    "48": 2,
    "68": 6,
    "66": 2,
    "69": 4,
    "72": 3,
    "33": 2,
    "61": 3,
    "34": 2,
    "65": 2,
    "36": 2,
    "64": 2,
    "30": 2
  }
}