{
  "folio": "F115V",
  "total_lines": 166,
  "total_tokens": 319,
  "rel_counts": {
    "REL_OL": 2
  },
  "state_counts": {
    "STATE_Y": 21,
    "STATE_AIIN": 3
  },
  "rel_freq": {
    "REL_OL": 0.006269592476489028
  },
  "state_freq": {
    "STATE_Y": 0.06583072100313479,
    "STATE_AIIN": 0.009404388714733543
  },
  "token_length_hist": {
    "2": 7,
    "4": 7,
    "6": 9,
    "10": 3,
    "8": 6,
    "1": 84,
    "15": 19,
    "3": 3,
    "5": 6,
    "7": 4,
    "9": 6,
    "11": 1,
    "24": 1,
    "12": 1,
    "71": 4,
    "73": 6,
    "69": 14,
    "35": 2,
    "65": 8,
    "70": 4,
    "72": 4,
    "16": 72,
    "47": 2,
    "67": 6,
    "32": 2,
    "66": 2,
    "30": 2,
    "50": 2,
    "68": 4,
    "37": 4,
    "64": 2,
    "39": 2,
    "53": 2,
    "27": 2,
    "61": 4,
    "51": 2,
    "63": 4,
    "59": 2,
    "55": 2,
    "41": 2
  }
}