{
  "folio": "F116R",
  "total_lines": 190,
  "total_tokens": 372,
  "rel_counts": {
    "REL_Q": 14,
    "REL_OL": 4
  },
  "state_counts": {
    "STATE_Y": 32,
    "STATE_AIIN": 3
  },
  "rel_freq": {
    "REL_Q": 0.03763440860215054,
    "REL_OL": 0.010752688172043012
  },
  "state_freq": {
    "STATE_Y": 0.08602150537634409,
    "STATE_AIIN": 0.008064516129032258
  },
  "token_length_hist": {
    "2": 11,
    "4": 8,
    "6": 11,
    "10": 5,
    "8": 7,
    "1": 96,
    "15": 19,
    "3": 4,
    "5": 6,
    "7": 5,
    "9": 8,
    "11": 2,
    "24": 1,
    "12": 1,
    "66": 7,
    "71": 14,
    "49": 2,
    "67": 12,
    "70": 6,
    "64": 1,
    "63": 10,
    "44": 2,
    "16": 85,
    "72": 10,
    "69": 4,
    "38": 2,
    "48": 2,
    "74": 2,
    "53": 2,
    "68": 2,
    "62": 2,
    "61": 8,
    "65": 2,
    "60": 3,
    "58": 3,
    "31": 3,
    "59": 2,
    "40": 2
  }
}