{
  "folio": "F11R",
  "total_lines": 67,
  "total_tokens": 213,
  "rel_counts": {
    "REL_OR": 1,
    "REL_Q": 6
  },
  "state_counts": {
    "STATE_Y": 7,
    "STATE_AIIN": 9
  },
  "rel_freq": {
    "REL_OR": 0.004694835680751174,
    "REL_Q": 0.028169014084507043
  },
  "state_freq": {
    "STATE_Y": 0.03286384976525822,
    "STATE_AIIN": 0.04225352112676056
  },
  "token_length_hist": {
    "2": 17,
    "4": 13,
    "6": 23,
    "10": 5,
    "8": 11,
    "1": 54,
    "15": 1,
    "5": 8,
    "3": 21,
    "7": 8,
    "11": 3,
    "9": 5,
    "12": 1,
    "16": 1,
    "14": 21,
    "54": 3,
    "53": 6,
    "26": 3,
    "52": 6,
    "24": 3
  }
}