{
  "folio": "F11V",
  "total_lines": 70,
  "total_tokens": 197,
  "rel_counts": {
    "REL_Q": 4
  },
  "state_counts": {
    "STATE_Y": 15
  },
  "rel_freq": {
    "REL_Q": 0.02030456852791878
  },
  "state_freq": {
    "STATE_Y": 0.07614213197969544
  },
  "token_length_hist": {
    "2": 13,
    "4": 10,
    "6": 12,
    "10": 5,
    "8": 10,
    "1": 54,
    "15": 1,
    "3": 15,
    "5": 10,
    "7": 9,
    "11": 2,
    "9": 6,
    "12": 1,
    "16": 1,
    "14": 24,
    "55": 4,
    "57": 8,
    "62": 1,
    "61": 3,
    "52": 4,
    "40": 4
  }
}