{
  "folio": "F13R",
  "total_lines": 70,
  "total_tokens": 162,
  "rel_counts": {
    "REL_Q": 3,
    "REL_OL": 3
  },
  "state_counts": {
    "STATE_Y": 11,
    "STATE_AIIN": 6
  },
  "rel_freq": {
    "REL_Q": 0.018518518518518517,
    "REL_OL": 0.018518518518518517
  },
  "state_freq": {
    "STATE_Y": 0.06790123456790123,
    "STATE_AIIN": 0.037037037037037035
  },
  "token_length_hist": {
    "2": 8,
    "4": 6,
    "6": 10,
    "10": 3,
    "8": 8,
    "1": 48,
    "15": 4,
    "3": 4,
    "5": 2,
    "7": 5,
    "11": 1,
    "9": 4,
    "16": 1,
    "12": 1,
    "14": 27,
    "53": 6,
    "52": 3,
    "22": 6,
    "51": 3,
    "50": 3,
    "54": 3,
    "57": 1,
    "56": 2,
    "49": 3
  }
}