{
  "folio": "F13V",
  "total_lines": 71,
  "total_tokens": 166,
  "rel_counts": {
    "REL_Q": 6
  },
  "state_counts": {
    "STATE_Y": 8,
    "STATE_AIIN": 3
  },
  "rel_freq": {
    "REL_Q": 0.03614457831325301
  },
  "state_freq": {
    "STATE_Y": 0.04819277108433735,
    "STATE_AIIN": 0.018072289156626505
  },
  "token_length_hist": {
    "2": 9,
    "4": 6,
    "6": 11,
    "10": 5,
    "8": 8,
    "1": 49,
    "15": 4,
    "3": 4,
    "5": 2,
    "7": 5,
    "11": 1,
    "9": 4,
    "12": 1,
    "14": 27,
    "43": 3,
    "46": 3,
    "29": 3,
    "45": 3,
    "13": 3,
    "67": 3,
    "64": 6,
    "63": 3,
    "35": 3
  }
}