{
  "folio": "F14R",
  "total_lines": 83,
  "total_tokens": 187,
  "rel_counts": {
    "REL_Q": 6
  },
  "state_counts": {
    "STATE_Y": 11
  },
  "rel_freq": {
    "REL_Q": 0.03208556149732621
  },
  "state_freq": {
    "STATE_Y": 0.058823529411764705
  },
  "token_length_hist": {
    "2": 9,
    "4": 6,
    "6": 11,
    "10": 4,
    "8": 8,
    "1": 52,
    "15": 13,
    "3": 4,
    "5": 2,
    "7": 5,
    "11": 1,
    "9": 5,
    "12": 1,
    "14": 27,
    "46": 6,
    "45": 3,
    "41": 3,
    "40": 3,
    "34": 3,
    "37": 3,
    "20": 3,
    "42": 3,
    "54": 6,
    "51": 3,
    "39": 3
  }
}