{
  "folio": "F14V",
  "total_lines": 75,
  "total_tokens": 173,
  "rel_counts": {
    "REL_Q": 4
  },
  "state_counts": {
    "STATE_Y": 14,
    "STATE_AIN": 4,
    "STATE_AIIN": 4
  },
  "rel_freq": {
    "REL_Q": 0.023121387283236993
  },
  "state_freq": {
    "STATE_Y": 0.08092485549132948,
    "STATE_AIN": 0.023121387283236993,
    "STATE_AIIN": 0.023121387283236993
  },
  "token_length_hist": {
    "2": 8,
    "4": 7,
    "6": 10,
    "10": 3,
    "8": 8,
    "1": 47,
    "15": 1,
    "3": 4,
    "5": 2,
    "7": 5,
    "11": 1,
    "9": 4,
    "12": 1,
    "14": 36,
    "51": 4,
    "50": 4,
    "49": 4,
    "47": 12,
    "46": 4,
    "61": 4,
    "35": 4
  }
}