{
  "folio": "F15R",
  "total_lines": 108,
  "total_tokens": 241,
  "rel_counts": {
    "REL_Q": 16
  },
  "state_counts": {
    "STATE_Y": 7,
    "STATE_AIIN": 4
  },
  "rel_freq": {
    "REL_Q": 0.06639004149377593
  },
  "state_freq": {
    "STATE_Y": 0.029045643153526972,
    "STATE_AIIN": 0.016597510373443983
  },
  "token_length_hist": {
    "2": 11,
    "4": 8,
    "6": 12,
    "10": 4,
    "8": 8,
    "1": 56,
    "15": 25,
    "3": 5,
    "5": 3,
    "7": 6,
    "11": 1,
    "9": 4,
    "12": 1,
    "13": 1,
    "14": 36,
    "59": 4,
    "53": 8,
    "56": 4,
    "58": 4,
    "51": 8,
    "52": 5,
    "57": 8,
    "55": 3,
    "54": 4,
    "61": 4,
    "50": 4,
    "38": 4
  }
}