{
  "folio": "F15V",
  "total_lines": 93,
  "total_tokens": 216,
  "rel_counts": {
    "REL_Q": 4
  },
  "state_counts": {
    "STATE_Y": 3
  },
  "rel_freq": {
    "REL_Q": 0.018518518518518517
  },
  "state_freq": {
    "STATE_Y": 0.013888888888888888
  },
  "token_length_hist": {
    "2": 11,
    "4": 7,
    "6": 13,
    "10": 4,
    "8": 8,
    "1": 53,
    "15": 13,
    "3": 5,
    "5": 3,
    "7": 7,
    "11": 1,
    "9": 5,
    "12": 1,
    "13": 1,
    "14": 36,
    "46": 8,
    "57": 1,
    "56": 2,
    "58": 1,
    "41": 8,
    "40": 12,
    "43": 4,
    "45": 8,
    "24": 4
  }
}