{
  "folio": "F16R",
  "total_lines": 100,
  "total_tokens": 288,
  "rel_counts": {
    "REL_Q": 3
  },
  "state_counts": {
    "STATE_Y": 10
  },
  "rel_freq": {
    "REL_Q": 0.010416666666666666
  },
  "state_freq": {
    "STATE_Y": 0.034722222222222224
  },
  "token_length_hist": {
    "2": 23,
    "4": 16,
    "6": 20,
    "10": 7,
    "8": 11,
    "1": 78,
    "15": 18,
    "3": 17,
    "5": 12,
    "7": 9,
    "11": 3,
    "9": 9,
    "13": 1,
    "12": 1,
    "14": 27,
    "68": 3,
    "55": 5,
    "49": 6,
    "18": 3,
    "50": 6,
    "52": 3,
    "45": 3,
    "56": 1,
    "48": 3,
    "21": 3
  }
}