{
  "folio": "F17V",
  "total_lines": 123,
  "total_tokens": 257,
  "rel_counts": {
    "REL_OL": 6,
    "REL_Q": 12
  },
  "state_counts": {
    "STATE_Y": 2,
    "STATE_AIIN": 3
  },
  "rel_freq": {
    "REL_OL": 0.023346303501945526,
    "REL_Q": 0.04669260700389105
  },
  "state_freq": {
    "STATE_Y": 0.007782101167315175,
    "STATE_AIIN": 0.011673151750972763
  },
  "token_length_hist": {
    "2": 8,
    "4": 6,
    "6": 11,
    "10": 4,
    "8": 8,
    "1": 62,
    "15": 43,
    "3": 5,
    "5": 2,
    "7": 5,
    "11": 1,
    "9": 5,
    "12": 1,
    "14": 27,
    "44": 12,
    "49": 3,
    "51": 9,
    "43": 9,
    "46": 6,
    "38": 6,
    "42": 3,
    "30": 3,
    "41": 3,
    "45": 6,
    "33": 6,
    "26": 3
  }
}