{
  "folio": "F18R",
  "total_lines": 89,
  "total_tokens": 231,
  "rel_counts": {
    "REL_Q": 6,
    "REL_OR": 3
  },
  "state_counts": {
    "STATE_Y": 5
  },
  "rel_freq": {
    "REL_Q": 0.025974025974025976,
    "REL_OR": 0.012987012987012988
  },
  "state_freq": {
    "STATE_Y": 0.021645021645021644
  },
  "token_length_hist": {
    "2": 15,
    "4": 9,
    "6": 13,
    "10": 5,
    "8": 12,
    "1": 57,
    "15": 16,
    "3": 13,
    "5": 8,
    "7": 7,
    "11": 1,
    "9": 4,
    "12": 2,
    "14": 27,
    "65": 3,
    "59": 3,
    "57": 3,
    "32": 3,
    "46": 3,
    "50": 6,
    "53": 3,
    "38": 3,
    "37": 3,
    "43": 3,
    "41": 3,
    "33": 3,
    "19": 3
  }
}