{
  "folio": "F18V",
  "total_lines": 80,
  "total_tokens": 194,
  "rel_counts": {
    "REL_Q": 12,
    "REL_OR": 4
  },
  "state_counts": {
    "STATE_Y": 11
  },
  "rel_freq": {
    "REL_Q": 0.061855670103092786,
    "REL_OR": 0.020618556701030927
  },
  "state_freq": {
    "STATE_Y": 0.05670103092783505
  },
  "token_length_hist": {
    "2": 10,
    "4": 7,
    "6": 13,
    "10": 4,
    "8": 8,
    "1": 48,
    "15": 5,
    "3": 7,
    "5": 3,
    "7": 7,
    "11": 1,
    "9": 3,
    "12": 1,
    "13": 1,
    "14": 36,
    "40": 4,
    "44": 4,
    "36": 4,
    "33": 12,
    "41": 4,
    "38": 4,
    "39": 4,
    "34": 4
  }
}