{
  "folio": "F19R",
  "total_lines": 80,
  "total_tokens": 183,
  "rel_counts": {
    "REL_Q": 12,
    "REL_OR": 4
  },
  "state_counts": {
    "STATE_Y": 12
  },
  "rel_freq": {
    "REL_Q": 0.06557377049180328,
    "REL_OR": 0.02185792349726776
  },
  "state_freq": {
    "STATE_Y": 0.06557377049180328
  },
  "token_length_hist": {
    "2": 8,
    "4": 6,
    "6": 11,
    "10": 4,
    "8": 8,
    "1": 49,
    "15": 13,
    "3": 5,
    "5": 2,
    "7": 5,
    "11": 1,
    "9": 3,
    "14": 28,
    "12": 1,
    "52": 3,
    "54": 3,
    "31": 3,
    "30": 6,
    "34": 3,
    "41": 3,
    "40": 3,
    "42": 3,
    "45": 3,
    "37": 3,
    "25": 3,
    "20": 3
  }
}