{
  "folio": "F1R",
  "total_lines": 401,
  "total_tokens": 1516,
  "rel_counts": {
    "REL_OR": 7,
    "REL_AL": 10,
    "REL_Q": 3
  },
  "state_counts": {
    "STATE_Y": 94,
    "STATE_AIIN": 11
  },
  "rel_freq": {
    "REL_OR": 0.004617414248021108,
    "REL_AL": 0.006596306068601583,
    "REL_Q": 0.001978891820580475
  },
  "state_freq": {
    "STATE_Y": 0.06200527704485488,
    "STATE_AIIN": 0.007255936675461741
  },
  "token_length_hist": {
    "2": 168,
    "4": 112,
    "6": 112,
    "10": 30,
    "8": 82,
    "1": 315,
    "15": 3,
    "5": 84,
    "3": 142,
    "7": 65,
    "11": 20,
    "9": 25,
    "12": 22,
    "14": 118,
    "13": 78,
    "18": 1,
    "45": 1,
    "47": 1,
    "54": 15,
    "55": 10,
    "52": 5,
    "58": 11,
    "57": 13,
    "34": 6,
    "16": 11,
    "19": 1,
    "61": 1,
    "60": 2,
    "62": 2,
    "22": 6,
    "59": 3,
    "51": 10,
    "56": 14,
    "49": 5,
    "48": 10,
    "25": 6,
    "28": 6
  }
}