{
  "folio": "F1V",
  "total_lines": 147,
  "total_tokens": 640,
  "rel_counts": {
    "REL_OR": 5,
    "REL_AL": 3,
    "REL_Q": 5
  },
  "state_counts": {
    "STATE_Y": 37,
    "STATE_AIN": 1,
    "STATE_AIIN": 4
  },
  "rel_freq": {
    "REL_OR": 0.0078125,
    "REL_AL": 0.0046875,
    "REL_Q": 0.0078125
  },
  "state_freq": {
    "STATE_Y": 0.0578125,
    "STATE_AIN": 0.0015625,
    "STATE_AIIN": 0.00625
  },
  "token_length_hist": {
    "2": 59,
    "4": 54,
    "6": 49,
    "10": 24,
    "8": 34,
    "1": 133,
    "15": 2,
    "11": 16,
    "5": 55,
    "3": 61,
    "7": 44,
    "9": 22,
    "12": 6,
    "13": 33,
    "14": 6,
    "16": 1,
    "63": 5,
    "37": 1,
    "52": 2,
    "58": 4,
    "47": 5,
    "64": 1,
    "49": 3,
    "53": 3,
    "61": 3,
    "70": 4,
    "65": 4,
    "62": 3,
    "54": 3
  }
}