{
  "folio": "F20V",
  "total_lines": 85,
  "total_tokens": 203,
  "rel_counts": {},
  "state_counts": {
    "STATE_Y": 19,
    "STATE_AIIN": 4
  },
  "rel_freq": {},
  "state_freq": {
    "STATE_Y": 0.09359605911330049,
    "STATE_AIIN": 0.019704433497536946
  },
  "token_length_hist": {
    "2": 10,
    "4": 8,
    "6": 13,
    "10": 4,
    "8": 8,
    "1": 49,
    "15": 9,
    "3": 6,
    "5": 3,
    "7": 7,
    "11": 1,
    "9": 3,
    "12": 1,
    "13": 1,
    "14": 36,
    "56": 5,
    "59": 4,
    "51": 12,
    "25": 4,
    "54": 4,
    "62": 4,
    "45": 4,
    "55": 3,
    "27": 4
  }
}