{
  "folio": "F22R",
  "total_lines": 79,
  "total_tokens": 179,
  "rel_counts": {
    "REL_OL": 6,
    "REL_Q": 3
  },
  "state_counts": {
    "STATE_Y": 8,
    "STATE_AIIN": 9
  },
  "rel_freq": {
    "REL_OL": 0.0335195530726257,
    "REL_Q": 0.01675977653631285
  },
  "state_freq": {
    "STATE_Y": 0.0446927374301676,
    "STATE_AIIN": 0.05027932960893855
  },
  "token_length_hist": {
    "2": 7,
    "4": 6,
    "6": 10,
    "10": 3,
    "8": 8,
    "1": 48,
    "15": 13,
    "3": 5,
    "5": 3,
    "7": 5,
    "11": 1,
    "9": 3,
    "12": 1,
    "14": 27,
    "57": 3,
    "59": 3,
    "51": 3,
    "64": 6,
    "61": 3,
    "21": 3,
    "66": 1,
    "65": 2,
    "67": 6,
    "34": 6,
    "53": 3
  }
}