{
  "folio": "F22V",
  "total_lines": 121,
  "total_tokens": 297,
  "rel_counts": {
    "REL_Q": 16
  },
  "state_counts": {
    "STATE_Y": 9,
    "STATE_AIIN": 4
  },
  "rel_freq": {
    "REL_Q": 0.05387205387205387
  },
  "state_freq": {
    "STATE_Y": 0.030303030303030304,
    "STATE_AIIN": 0.013468013468013467
  },
  "token_length_hist": {
    "2": 17,
    "4": 11,
    "6": 16,
    "10": 4,
    "8": 12,
    "1": 68,
    "15": 29,
    "3": 12,
    "5": 9,
    "7": 11,
    "11": 1,
    "9": 3,
    "16": 1,
    "12": 1,
    "13": 2,
    "14": 36,
    "57": 3,
    "58": 1,
    "52": 4,
    "53": 4,
    "59": 4,
    "29": 4,
    "33": 4,
    "35": 8,
    "38": 4,
    "47": 4,
    "43": 4,
    "25": 4,
    "27": 4,
    "34": 4,
    "39": 4,
    "21": 4
  }
}