{
  "folio": "F23R",
  "total_lines": 72,
  "total_tokens": 169,
  "rel_counts": {
    "REL_Q": 9
  },
  "state_counts": {
    "STATE_Y": 5,
    "STATE_AIN": 3
  },
  "rel_freq": {
    "REL_Q": 0.05325443786982249
  },
  "state_freq": {
    "STATE_Y": 0.029585798816568046,
    "STATE_AIN": 0.01775147928994083
  },
  "token_length_hist": {
    "2": 8,
    "4": 6,
    "6": 11,
    "10": 4,
    "8": 8,
    "1": 47,
    "15": 10,
    "3": 5,
    "5": 2,
    "7": 5,
    "11": 1,
    "9": 3,
    "14": 28,
    "12": 1,
    "68": 3,
    "63": 3,
    "34": 3,
    "65": 3,
    "54": 3,
    "62": 3,
    "59": 3,
    "66": 3,
    "73": 3,
    "69": 3
  }
}