{
  "folio": "F23V",
  "total_lines": 89,
  "total_tokens": 208,
  "rel_counts": {
    "REL_Q": 8,
    "REL_OL": 3
  },
  "state_counts": {
    "STATE_Y": 6
  },
  "rel_freq": {
    "REL_Q": 0.038461538461538464,
    "REL_OL": 0.014423076923076924
  },
  "state_freq": {
    "STATE_Y": 0.028846153846153848
  },
  "token_length_hist": {
    "2": 9,
    "4": 7,
    "6": 12,
    "10": 3,
    "8": 8,
    "1": 49,
    "15": 13,
    "3": 6,
    "5": 3,
    "7": 7,
    "11": 1,
    "9": 3,
    "21": 1,
    "12": 1,
    "13": 1,
    "14": 36,
    "59": 4,
    "68": 3,
    "69": 1,
    "64": 4,
    "46": 8,
    "29": 4,
    "51": 4,
    "54": 4,
    "53": 4,
    "50": 8,
    "33": 4
  }
}