{
  "folio": "F24R",
  "total_lines": 112,
  "total_tokens": 247,
  "rel_counts": {
    "REL_Q": 18,
    "REL_OR": 3
  },
  "state_counts": {
    "STATE_Y": 3
  },
  "rel_freq": {
    "REL_Q": 0.0728744939271255,
    "REL_OR": 0.012145748987854251
  },
  "state_freq": {
    "STATE_Y": 0.012145748987854251
  },
  "token_length_hist": {
    "2": 11,
    "4": 7,
    "6": 13,
    "10": 5,
    "8": 10,
    "1": 61,
    "15": 34,
    "3": 5,
    "5": 3,
    "7": 5,
    "11": 1,
    "9": 4,
    "12": 1,
    "14": 27,
    "50": 3,
    "44": 3,
    "40": 6,
    "42": 15,
    "41": 3,
    "43": 3,
    "37": 3,
    "36": 12,
    "35": 3,
    "34": 3,
    "33": 3,
    "13": 3
  }
}