{
  "folio": "F25V",
  "total_lines": 56,
  "total_tokens": 141,
  "rel_counts": {
    "REL_OR": 3,
    "REL_Q": 6
  },
  "state_counts": {
    "STATE_Y": 5,
    "STATE_AIIN": 6
  },
  "rel_freq": {
    "REL_OR": 0.02127659574468085,
    "REL_Q": 0.0425531914893617
  },
  "state_freq": {
    "STATE_Y": 0.03546099290780142,
    "STATE_AIIN": 0.0425531914893617
  },
  "token_length_hist": {
    "2": 9,
    "4": 6,
    "6": 11,
    "10": 4,
    "8": 8,
    "1": 43,
    "15": 1,
    "3": 4,
    "5": 2,
    "7": 5,
    "11": 1,
    "9": 4,
    "12": 1,
    "14": 21,
    "50": 6,
    "51": 6,
    "49": 3,
    "60": 3,
    "57": 1,
    "56": 2
  }
}