{
  "folio": "F26R",
  "total_lines": 68,
  "total_tokens": 162,
  "rel_counts": {
    "REL_Q": 3
  },
  "state_counts": {
    "STATE_Y": 17
  },
  "rel_freq": {
    "REL_Q": 0.018518518518518517
  },
  "state_freq": {
    "STATE_Y": 0.10493827160493827
  },
  "token_length_hist": {
    "2": 9,
    "4": 6,
    "6": 11,
    "10": 5,
    "8": 8,
    "1": 46,
    "15": 4,
    "3": 4,
    "5": 2,
    "7": 5,
    "11": 1,
    "9": 3,
    "12": 1,
    "14": 27,
    "81": 3,
    "76": 3,
    "79": 3,
    "77": 3,
    "80": 3,
    "16": 3,
    "85": 3,
    "87": 3,
    "88": 3,
    "39": 3
  }
}