{
  "folio": "F27R",
  "total_lines": 103,
  "total_tokens": 253,
  "rel_counts": {
    "REL_Q": 8
  },
  "state_counts": {
    "STATE_Y": 14
  },
  "rel_freq": {
    "REL_Q": 0.03162055335968379
  },
  "state_freq": {
    "STATE_Y": 0.05533596837944664
  },
  "token_length_hist": {
    "2": 17,
    "4": 11,
    "6": 15,
    "10": 6,
    "8": 11,
    "1": 60,
    "15": 17,
    "3": 7,
    "5": 6,
    "7": 7,
    "11": 2,
    "9": 3,
    "12": 5,
    "13": 2,
    "14": 36,
    "52": 4,
    "54": 4,
    "56": 4,
    "51": 4,
    "46": 4,
    "53": 4,
    "63": 4,
    "59": 4,
    "62": 4,
    "40": 8,
    "42": 4
  }
}