{
  "folio": "F27V",
  "total_lines": 72,
  "total_tokens": 176,
  "rel_counts": {
    "REL_Q": 3
  },
  "state_counts": {
    "STATE_Y": 15
  },
  "rel_freq": {
    "REL_Q": 0.017045454545454544
  },
  "state_freq": {
    "STATE_Y": 0.08522727272727272
  },
  "token_length_hist": {
    "2": 10,
    "4": 7,
    "6": 12,
    "10": 3,
    "8": 8,
    "1": 48,
    "15": 1,
    "3": 5,
    "5": 3,
    "7": 7,
    "11": 1,
    "9": 4,
    "14": 33,
    "12": 1,
    "13": 1,
    "57": 4,
    "55": 12,
    "58": 4,
    "54": 3,
    "51": 1,
    "69": 4,
    "28": 4
  }
}