{
  "folio": "F29R",
  "total_lines": 77,
  "total_tokens": 183,
  "rel_counts": {
    "REL_Q": 12
  },
  "state_counts": {
    "STATE_Y": 23,
    "STATE_AIIN": 4
  },
  "rel_freq": {
    "REL_Q": 0.06557377049180328
  },
  "state_freq": {
    "STATE_Y": 0.12568306010928962,
    "STATE_AIIN": 0.02185792349726776
  },
  "token_length_hist": {
    "2": 10,
    "4": 7,
    "6": 12,
    "10": 3,
    "8": 8,
    "1": 49,
    "15": 1,
    "3": 5,
    "5": 2,
    "7": 6,
    "11": 1,
    "9": 4,
    "14": 37,
    "12": 1,
    "13": 1,
    "51": 4,
    "49": 4,
    "53": 4,
    "20": 4,
    "60": 1,
    "59": 2,
    "61": 1,
    "50": 4,
    "56": 4,
    "54": 4,
    "42": 4
  }
}