{
  "folio": "F29V",
  "total_lines": 89,
  "total_tokens": 208,
  "rel_counts": {
    "REL_Q": 16
  },
  "state_counts": {
    "STATE_Y": 19,
    "STATE_AIIN": 4
  },
  "rel_freq": {
    "REL_Q": 0.07692307692307693
  },
  "state_freq": {
    "STATE_Y": 0.09134615384615384,
    "STATE_AIIN": 0.019230769230769232
  },
  "token_length_hist": {
    "2": 10,
    "4": 7,
    "6": 12,
    "10": 4,
    "8": 8,
    "1": 49,
    "15": 13,
    "3": 5,
    "5": 3,
    "7": 7,
    "11": 1,
    "9": 3,
    "12": 1,
    "13": 1,
    "14": 36,
    "69": 5,
    "62": 8,
    "68": 11,
    "64": 4,
    "74": 8,
    "66": 4,
    "75": 4,
    "32": 4
  }
}