{
  "folio": "F2R",
  "total_lines": 128,
  "total_tokens": 503,
  "rel_counts": {
    "REL_AL": 2,
    "REL_OR": 1,
    "REL_Q": 7
  },
  "state_counts": {
    "STATE_Y": 20,
    "STATE_AIN": 3,
    "STATE_AIIN": 6
  },
  "rel_freq": {
    "REL_AL": 0.003976143141153081,
    "REL_OR": 0.0019880715705765406,
    "REL_Q": 0.013916500994035786
  },
  "state_freq": {
    "STATE_Y": 0.039761431411530816,
    "STATE_AIN": 0.005964214711729622,
    "STATE_AIIN": 0.011928429423459244
  },
  "token_length_hist": {
    "2": 34,
    "4": 43,
    "6": 45,
    "10": 14,
    "8": 28,
    "1": 107,
    "15": 2,
    "11": 8,
    "5": 41,
    "3": 46,
    "7": 31,
    "9": 16,
    "12": 4,
    "14": 14,
    "16": 1,
    "38": 1,
    "50": 1,
    "13": 28,
    "65": 6,
    "51": 3,
    "68": 3,
    "72": 3,
    "74": 3,
    "46": 3,
    "61": 3,
    "63": 6,
    "64": 3,
    "59": 3,
    "30": 3
  }
}