{
  "folio": "F30R",
  "total_lines": 80,
  "total_tokens": 183,
  "rel_counts": {
    "REL_Q": 8
  },
  "state_counts": {
    "STATE_Y": 14,
    "STATE_AIIN": 4
  },
  "rel_freq": {
    "REL_Q": 0.04371584699453552
  },
  "state_freq": {
    "STATE_Y": 0.07650273224043716,
    "STATE_AIIN": 0.02185792349726776
  },
  "token_length_hist": {
    "2": 9,
    "4": 6,
    "6": 11,
    "10": 5,
    "8": 8,
    "1": 49,
    "15": 13,
    "3": 4,
    "5": 2,
    "7": 5,
    "11": 1,
    "9": 3,
    "12": 1,
    "14": 27,
    "54": 9,
    "66": 3,
    "61": 3,
    "52": 3,
    "56": 3,
    "21": 3,
    "58": 3,
    "57": 3,
    "70": 3,
    "73": 3,
    "34": 3
  }
}