{
  "folio": "F30V",
  "total_lines": 75,
  "total_tokens": 173,
  "rel_counts": {
    "REL_Q": 9
  },
  "state_counts": {
    "STATE_Y": 8,
    "STATE_AIIN": 3
  },
  "rel_freq": {
    "REL_Q": 0.05202312138728324
  },
  "state_freq": {
    "STATE_Y": 0.046242774566473986,
    "STATE_AIIN": 0.017341040462427744
  },
  "token_length_hist": {
    "2": 9,
    "4": 6,
    "6": 11,
    "10": 4,
    "8": 8,
    "1": 50,
    "15": 7,
    "3": 5,
    "5": 2,
    "7": 5,
    "11": 1,
    "9": 4,
    "12": 1,
    "14": 27,
    "53": 9,
    "50": 3,
    "41": 9,
    "39": 3,
    "28": 3,
    "36": 3,
    "38": 3
  }
}