{
  "folio": "F31R",
  "total_lines": 98,
  "total_tokens": 220,
  "rel_counts": {
    "REL_Q": 6,
    "REL_OL": 6
  },
  "state_counts": {
    "STATE_Y": 6
  },
  "rel_freq": {
    "REL_Q": 0.02727272727272727,
    "REL_OL": 0.02727272727272727
  },
  "state_freq": {
    "STATE_Y": 0.02727272727272727
  },
  "token_length_hist": {
    "2": 11,
    "4": 7,
    "6": 13,
    "10": 4,
    "8": 11,
    "1": 59,
    "15": 22,
    "3": 4,
    "5": 2,
    "7": 5,
    "11": 1,
    "9": 4,
    "19": 1,
    "12": 1,
    "14": 27,
    "45": 3,
    "57": 12,
    "23": 3,
    "58": 3,
    "63": 6,
    "28": 3,
    "60": 3,
    "48": 3,
    "43": 3,
    "27": 3,
    "30": 3,
    "16": 3
  }
}