{
  "folio": "F32V",
  "total_lines": 92,
  "total_tokens": 240,
  "rel_counts": {
    "REL_AL": 1,
    "REL_Q": 5,
    "REL_OR": 4,
    "REL_OL": 4
  },
  "state_counts": {
    "STATE_Y": 8,
    "STATE_AIIN": 4
  },
  "rel_freq": {
    "REL_AL": 0.004166666666666667,
    "REL_Q": 0.020833333333333332,
    "REL_OR": 0.016666666666666666,
    "REL_OL": 0.016666666666666666
  },
  "state_freq": {
    "STATE_Y": 0.03333333333333333,
    "STATE_AIIN": 0.016666666666666666
  },
  "token_length_hist": {
    "2": 18,
    "4": 10,
    "6": 17,
    "10": 6,
    "8": 8,
    "1": 58,
    "15": 9,
    "3": 10,
    "5": 5,
    "7": 9,
    "11": 3,
    "9": 5,
    "12": 1,
    "13": 5,
    "14": 36,
    "60": 8,
    "54": 4,
    "55": 4,
    "56": 4,
    "58": 4,
    "35": 4,
    "70": 3,
    "64": 1,
    "66": 4,
    "63": 4
  }
}