{
  "folio": "F33R",
  "total_lines": 55,
  "total_tokens": 137,
  "rel_counts": {},
  "state_counts": {
    "STATE_Y": 2,
    "STATE_AIIN": 3
  },
  "rel_freq": {},
  "state_freq": {
    "STATE_Y": 0.014598540145985401,
    "STATE_AIIN": 0.021897810218978103
  },
  "token_length_hist": {
    "2": 7,
    "4": 6,
    "6": 10,
    "10": 3,
    "8": 8,
    "1": 43,
    "15": 1,
    "3": 4,
    "5": 2,
    "7": 5,
    "11": 1,
    "9": 4,
    "12": 1,
    "14": 21,
    "66": 6,
    "65": 6,
    "69": 3,
    "64": 3,
    "50": 3
  }
}