{
  "folio": "F36V",
  "total_lines": 83,
  "total_tokens": 186,
  "rel_counts": {
    "REL_Q": 6
  },
  "state_counts": {
    "STATE_Y": 11,
    "STATE_AIIN": 3
  },
  "rel_freq": {
    "REL_Q": 0.03225806451612903
  },
  "state_freq": {
    "STATE_Y": 0.05913978494623656,
    "STATE_AIIN": 0.016129032258064516
  },
  "token_length_hist": {
    "2": 7,
    "4": 6,
    "6": 10,
    "10": 3,
    "8": 8,
    "1": 50,
    "15": 16,
    "3": 4,
    "5": 2,
    "7": 5,
    "11": 1,
    "9": 4,
    "12": 1,
    "14": 27,
    "57": 3,
    "56": 6,
    "42": 3,
    "35": 3,
    "33": 6,
    "36": 3,
    "34": 3,
    "30": 3,
    "25": 9,
    "23": 3
  }
}