{
  "folio": "F38R",
  "total_lines": 52,
  "total_tokens": 134,
  "rel_counts": {
    "REL_Q": 3
  },
  "state_counts": {
    "STATE_Y": 11
  },
  "rel_freq": {
    "REL_Q": 0.022388059701492536
  },
  "state_freq": {
    "STATE_Y": 0.08208955223880597
  },
  "token_length_hist": {
    "2": 8,
    "4": 6,
    "6": 11,
    "10": 4,
    "8": 8,
    "1": 43,
    "15": 1,
    "3": 4,
    "5": 2,
    "7": 5,
    "11": 1,
    "9": 4,
    "12": 1,
    "14": 18,
    "49": 3,
    "51": 3,
    "46": 3,
    "53": 3,
    "47": 3,
    "50": 3
  }
}