{
  "folio": "F38V",
  "total_lines": 59,
  "total_tokens": 144,
  "rel_counts": {
    "REL_Q": 6
  },
  "state_counts": {
    "STATE_Y": 8,
    "STATE_AIN": 3
  },
  "rel_freq": {
    "REL_Q": 0.041666666666666664
  },
  "state_freq": {
    "STATE_Y": 0.05555555555555555,
    "STATE_AIN": 0.020833333333333332
  },
  "token_length_hist": {
    "2": 7,
    "4": 6,
    "6": 10,
    "10": 3,
    "8": 8,
    "1": 44,
    "15": 1,
    "3": 4,
    "5": 2,
    "7": 5,
    "11": 2,
    "9": 3,
    "12": 1,
    "14": 24,
    "56": 8,
    "58": 3,
    "52": 3,
    "49": 3,
    "50": 3,
    "57": 1,
    "30": 3
  }
}