{
  "folio": "F39R",
  "total_lines": 148,
  "total_tokens": 577,
  "rel_counts": {
    "REL_AL": 1,
    "REL_OL": 4,
    "REL_Q": 8
  },
  "state_counts": {
    "STATE_Y": 23
  },
  "rel_freq": {
    "REL_AL": 0.0017331022530329288,
    "REL_OL": 0.006932409012131715,
    "REL_Q": 0.01386481802426343
  },
  "state_freq": {
    "STATE_Y": 0.03986135181975736
  },
  "token_length_hist": {
    "2": 48,
    "4": 60,
    "6": 36,
    "10": 14,
    "8": 19,
    "1": 104,
    "15": 31,
    "3": 64,
    "5": 49,
    "7": 32,
    "11": 1,
    "9": 10,
    "12": 4,
    "17": 2,
    "14": 37,
    "13": 2,
    "71": 7,
    "72": 9,
    "67": 8,
    "20": 4,
    "73": 15,
    "65": 4,
    "35": 4,
    "74": 1,
    "70": 4,
    "62": 4,
    "37": 4
  }
}