{
  "folio": "F39V",
  "total_lines": 97,
  "total_tokens": 214,
  "rel_counts": {},
  "state_counts": {
    "STATE_Y": 30,
    "STATE_AIN": 4
  },
  "rel_freq": {},
  "state_freq": {
    "STATE_Y": 0.14018691588785046,
    "STATE_AIN": 0.018691588785046728
  },
  "token_length_hist": {
    "2": 7,
    "4": 6,
    "6": 10,
    "10": 3,
    "8": 8,
    "1": 50,
    "15": 21,
    "3": 4,
    "5": 2,
    "7": 6,
    "11": 1,
    "9": 3,
    "12": 1,
    "14": 36,
    "67": 8,
    "63": 4,
    "66": 8,
    "68": 4,
    "55": 8,
    "56": 4,
    "65": 4,
    "64": 4,
    "61": 4,
    "58": 4,
    "26": 4
  }
}