{
  "folio": "F3V",
  "total_lines": 130,
  "total_tokens": 447,
  "rel_counts": {
    "REL_AL": 1,
    "REL_Q": 5,
    "REL_OR": 3
  },
  "state_counts": {
    "STATE_Y": 8
  },
  "rel_freq": {
    "REL_AL": 0.0022371364653243847,
    "REL_Q": 0.011185682326621925,
    "REL_OR": 0.006711409395973154
  },
  "state_freq": {
    "STATE_Y": 0.017897091722595078
  },
  "token_length_hist": {
    "2": 22,
    "4": 42,
    "6": 28,
    "10": 6,
    "8": 17,
    "1": 84,
    "15": 1,
    "3": 41,
    "5": 35,
    "7": 29,
    "11": 4,
    "9": 8,
    "12": 1,
    "13": 43,
    "18": 1,
    "14": 24,
    "53": 5,
    "52": 5,
    "51": 8,
    "40": 5,
    "36": 4,
    "37": 5,
    "39": 4,
    "45": 8,
    "47": 9,
    "42": 4,
    "19": 4
  }
}