{
  "folio": "F41V",
  "total_lines": 82,
  "total_tokens": 214,
  "rel_counts": {
    "REL_Q": 4
  },
  "state_counts": {
    "STATE_Y": 14,
    "STATE_AIN": 4
  },
  "rel_freq": {
    "REL_Q": 0.018691588785046728
  },
  "state_freq": {
    "STATE_Y": 0.06542056074766354,
    "STATE_AIN": 0.018691588785046728
  },
  "token_length_hist": {
    "2": 18,
    "4": 10,
    "6": 17,
    "10": 5,
    "8": 10,
    "1": 56,
    "15": 1,
    "3": 7,
    "5": 3,
    "7": 7,
    "11": 2,
    "9": 10,
    "12": 1,
    "13": 2,
    "14": 35,
    "80": 4,
    "82": 5,
    "79": 4,
    "73": 4,
    "64": 5,
    "60": 3,
    "57": 1,
    "40": 4
  }
}