{
  "folio": "F42R",
  "total_lines": 154,
  "total_tokens": 382,
  "rel_counts": {
    "REL_Q": 18
  },
  "state_counts": {
    "STATE_Y": 12,
    "STATE_AIN": 4
  },
  "rel_freq": {
    "REL_Q": 0.04712041884816754
  },
  "state_freq": {
    "STATE_Y": 0.031413612565445025,
    "STATE_AIN": 0.010471204188481676
  },
  "token_length_hist": {
    "2": 29,
    "4": 14,
    "6": 22,
    "10": 9,
    "8": 13,
    "1": 94,
    "15": 51,
    "3": 5,
    "5": 13,
    "7": 8,
    "11": 1,
    "9": 13,
    "12": 1,
    "14": 32,
    "50": 10,
    "48": 6,
    "41": 3,
    "42": 3,
    "40": 3,
    "13": 1,
    "47": 11,
    "57": 4,
    "58": 4,
    "62": 1,
    "61": 2,
    "54": 3,
    "55": 3,
    "53": 2,
    "32": 6,
    "49": 4,
    "52": 4,
    "51": 3,
    "37": 4
  }
}