{
  "folio": "F42V",
  "total_lines": 103,
  "total_tokens": 234,
  "rel_counts": {
    "REL_Q": 10
  },
  "state_counts": {
    "STATE_Y": 21,
    "STATE_AIN": 3,
    "STATE_AIIN": 11
  },
  "rel_freq": {
    "REL_Q": 0.042735042735042736
  },
  "state_freq": {
    "STATE_Y": 0.08974358974358974,
    "STATE_AIN": 0.01282051282051282,
    "STATE_AIIN": 0.04700854700854701
  },
  "token_length_hist": {
    "2": 12,
    "4": 7,
    "6": 13,
    "10": 4,
    "8": 10,
    "1": 58,
    "15": 23,
    "3": 4,
    "5": 4,
    "7": 5,
    "11": 1,
    "9": 5,
    "12": 1,
    "14": 32,
    "62": 5,
    "61": 6,
    "57": 10,
    "60": 4,
    "58": 10,
    "49": 4,
    "22": 3,
    "59": 3,
    "56": 3,
    "16": 4,
    "13": 3
  }
}