{
  "folio": "F43V",
  "total_lines": 121,
  "total_tokens": 261,
  "rel_counts": {
    "REL_Q": 4
  },
  "state_counts": {
    "STATE_Y": 17,
    "STATE_AIIN": 2,
    "STATE_AIN": 1
  },
  "rel_freq": {
    "REL_Q": 0.01532567049808429
  },
  "state_freq": {
    "STATE_Y": 0.06513409961685823,
    "STATE_AIIN": 0.007662835249042145,
    "STATE_AIN": 0.0038314176245210726
  },
  "token_length_hist": {
    "2": 9,
    "4": 6,
    "6": 11,
    "10": 4,
    "8": 8,
    "1": 54,
    "15": 35,
    "3": 4,
    "5": 2,
    "7": 5,
    "11": 2,
    "9": 4,
    "12": 1,
    "14": 41,
    "68": 5,
    "66": 19,
    "63": 10,
    "60": 14,
    "41": 4,
    "61": 4,
    "25": 5,
    "64": 10,
    "47": 4
  }
}