{
  "folio": "F44V",
  "total_lines": 87,
  "total_tokens": 196,
  "rel_counts": {},
  "state_counts": {
    "STATE_Y": 13,
    "STATE_AIIN": 1,
    "STATE_AIN": 3
  },
  "rel_freq": {},
  "state_freq": {
    "STATE_Y": 0.0663265306122449,
    "STATE_AIIN": 0.00510204081632653,
    "STATE_AIN": 0.015306122448979591
  },
  "token_length_hist": {
    "2": 9,
    "4": 6,
    "6": 11,
    "10": 4,
    "8": 8,
    "1": 51,
    "15": 13,
    "3": 4,
    "5": 2,
    "7": 5,
    "11": 1,
    "9": 4,
    "13": 1,
    "12": 1,
    "14": 32,
    "52": 3,
    "56": 8,
    "42": 4,
    "54": 8,
    "35": 6,
    "60": 1,
    "59": 2,
    "48": 6,
    "45": 3,
    "19": 3
  }
}