{
  "folio": "F46V",
  "total_lines": 109,
  "total_tokens": 278,
  "rel_counts": {},
  "state_counts": {
    "STATE_Y": 19,
    "STATE_AIIN": 9
  },
  "rel_freq": {},
  "state_freq": {
    "STATE_Y": 0.0683453237410072,
    "STATE_AIIN": 0.03237410071942446
  },
  "token_length_hist": {
    "2": 16,
    "4": 14,
    "6": 15,
    "10": 4,
    "8": 8,
    "1": 61,
    "15": 19,
    "3": 13,
    "5": 7,
    "7": 8,
    "11": 1,
    "9": 5,
    "18": 1,
    "12": 1,
    "13": 5,
    "14": 43,
    "75": 10,
    "77": 4,
    "78": 9,
    "81": 5,
    "47": 5,
    "42": 1,
    "41": 4,
    "33": 5,
    "32": 5,
    "31": 5,
    "27": 4
  }
}