{
  "folio": "F47R",
  "total_lines": 79,
  "total_tokens": 180,
  "rel_counts": {
    "REL_Q": 6
  },
  "state_counts": {
    "STATE_Y": 5
  },
  "rel_freq": {
    "REL_Q": 0.03333333333333333
  },
  "state_freq": {
    "STATE_Y": 0.027777777777777776
  },
  "token_length_hist": {
    "2": 8,
    "4": 6,
    "6": 10,
    "10": 3,
    "8": 8,
    "1": 48,
    "15": 9,
    "3": 4,
    "5": 2,
    "7": 5,
    "11": 1,
    "9": 4,
    "13": 1,
    "12": 1,
    "14": 31,
    "45": 4,
    "47": 3,
    "54": 4,
    "40": 4,
    "24": 3,
    "60": 3,
    "46": 3,
    "58": 8,
    "57": 3,
    "34": 4
  }
}