{
  "folio": "F48R",
  "total_lines": 73,
  "total_tokens": 170,
  "rel_counts": {
    "REL_AL": 4
  },
  "state_counts": {
    "STATE_Y": 15
  },
  "rel_freq": {
    "REL_AL": 0.023529411764705882
  },
  "state_freq": {
    "STATE_Y": 0.08823529411764706
  },
  "token_length_hist": {
    "2": 7,
    "1": 50,
    "15": 1,
    "6": 11,
    "3": 4,
    "5": 2,
    "4": 5,
    "8": 7,
    "7": 5,
    "10": 3,
    "11": 1,
    "9": 6,
    "12": 1,
    "14": 33,
    "77": 3,
    "71": 4,
    "73": 7,
    "74": 4,
    "68": 4,
    "64": 4,
    "16": 1,
    "39": 3,
    "34": 4
  }
}