{
  "folio": "F48V",
  "total_lines": 97,
  "total_tokens": 272,
  "rel_counts": {
    "REL_AL": 5,
    "REL_Q": 1
  },
  "state_counts": {
    "STATE_Y": 21
  },
  "rel_freq": {
    "REL_AL": 0.01838235294117647,
    "REL_Q": 0.003676470588235294
  },
  "state_freq": {
    "STATE_Y": 0.07720588235294118
  },
  "token_length_hist": {
    "2": 25,
    "4": 13,
    "6": 16,
    "10": 5,
    "8": 9,
    "1": 65,
    "15": 11,
    "3": 13,
    "5": 11,
    "7": 12,
    "11": 3,
    "9": 5,
    "14": 36,
    "12": 2,
    "13": 1,
    "80": 4,
    "76": 3,
    "73": 1,
    "77": 4,
    "71": 4,
    "69": 4,
    "75": 4,
    "87": 7,
    "85": 4,
    "91": 5,
    "62": 4,
    "59": 1
  }
}