{
  "folio": "F49V",
  "total_lines": 314,
  "total_tokens": 903,
  "rel_counts": {
    "REL_OR": 1,
    "REL_AL": 3,
    "REL_OL": 1
  },
  "state_counts": {
    "STATE_Y": 49
  },
  "rel_freq": {
    "REL_OR": 0.0011074197120708748,
    "REL_AL": 0.0033222591362126247,
    "REL_OL": 0.0011074197120708748
  },
  "state_freq": {
    "STATE_Y": 0.05426356589147287
  },
  "token_length_hist": {
    "2": 54,
    "4": 53,
    "6": 39,
    "10": 12,
    "8": 36,
    "1": 178,
    "15": 164,
    "3": 48,
    "5": 32,
    "7": 100,
    "11": 2,
    "9": 10,
    "12": 18,
    "16": 1,
    "13": 4,
    "14": 33,
    "22": 1,
    "21": 1,
    "17": 1,
    "31": 7,
    "38": 2,
    "26": 3,
    "37": 1,
    "40": 3,
    "51": 1,
    "36": 10,
    "47": 3,
    "34": 7,
    "45": 1,
    "41": 1,
    "43": 2,
    "35": 4,
    "42": 2,
    "50": 1,
    "44": 2,
    "46": 6,
    "53": 1,
    "52": 4,
    "59": 1,
    "57": 10,
    "64": 3,
    "61": 15,
    "68": 4,
    "66": 4,
    "73": 1,
    "71": 1,
    "72": 1,
    "65": 3,
    "63": 4,
    "70": 1,
    "56": 4,
    "28": 3
  }
}