{
  "folio": "F4R",
  "total_lines": 97,
  "total_tokens": 271,
  "rel_counts": {
    "REL_Q": 12
  },
  "state_counts": {
    "STATE_Y": 11,
    "STATE_AIN": 3
  },
  "rel_freq": {
    "REL_Q": 0.04428044280442804
  },
  "state_freq": {
    "STATE_Y": 0.04059040590405904,
    "STATE_AIN": 0.01107011070110701
  },
  "token_length_hist": {
    "2": 16,
    "4": 9,
    "6": 18,
    "10": 6,
    "8": 9,
    "1": 63,
    "15": 1,
    "3": 24,
    "5": 11,
    "7": 11,
    "11": 4,
    "9": 6,
    "12": 1,
    "16": 1,
    "14": 14,
    "13": 33,
    "62": 3,
    "72": 3,
    "52": 3,
    "45": 4,
    "33": 4,
    "34": 4,
    "36": 7,
    "38": 3,
    "37": 3,
    "31": 4,
    "30": 3,
    "22": 3
  }
}