{
  "folio": "F4V",
  "total_lines": 117,
  "total_tokens": 372,
  "rel_counts": {
    "REL_AL": 1,
    "REL_OL": 8,
    "REL_Q": 12
  },
  "state_counts": {
    "STATE_Y": 17,
    "STATE_AIIN": 4,
    "STATE_AIN": 4
  },
  "rel_freq": {
    "REL_AL": 0.002688172043010753,
    "REL_OL": 0.021505376344086023,
    "REL_Q": 0.03225806451612903
  },
  "state_freq": {
    "STATE_Y": 0.0456989247311828,
    "STATE_AIIN": 0.010752688172043012,
    "STATE_AIN": 0.010752688172043012
  },
  "token_length_hist": {
    "2": 26,
    "4": 27,
    "6": 23,
    "10": 5,
    "8": 13,
    "1": 71,
    "15": 2,
    "3": 35,
    "5": 20,
    "7": 18,
    "11": 5,
    "9": 10,
    "16": 2,
    "12": 2,
    "13": 37,
    "49": 4,
    "53": 8,
    "51": 4,
    "59": 1,
    "58": 3,
    "33": 4,
    "45": 4,
    "43": 8,
    "46": 8,
    "14": 20,
    "47": 8,
    "24": 4
  }
}