{
  "folio": "F50R",
  "total_lines": 89,
  "total_tokens": 212,
  "rel_counts": {},
  "state_counts": {
    "STATE_Y": 12,
    "STATE_AIIN": 2
  },
  "rel_freq": {},
  "state_freq": {
    "STATE_Y": 0.05660377358490566,
    "STATE_AIIN": 0.009433962264150943
  },
  "token_length_hist": {
    "2": 11,
    "4": 7,
    "6": 13,
    "10": 4,
    "8": 8,
    "1": 51,
    "15": 5,
    "3": 7,
    "5": 2,
    "7": 7,
    "11": 1,
    "9": 4,
    "17": 1,
    "12": 1,
    "13": 2,
    "14": 42,
    "60": 4,
    "63": 13,
    "61": 5,
    "58": 10,
    "64": 1,
    "62": 5,
    "56": 4,
    "47": 4
  }
}