{
  "folio": "F52V",
  "total_lines": 88,
  "total_tokens": 195,
  "rel_counts": {
    "REL_Q": 5
  },
  "state_counts": {
    "STATE_Y": 2
  },
  "rel_freq": {
    "REL_Q": 0.02564102564102564
  },
  "state_freq": {
    "STATE_Y": 0.010256410256410256
  },
  "token_length_hist": {
    "2": 7,
    "4": 6,
    "6": 10,
    "10": 3,
    "8": 8,
    "1": 51,
    "15": 16,
    "3": 5,
    "5": 2,
    "7": 5,
    "11": 1,
    "9": 5,
    "12": 1,
    "14": 30,
    "49": 4,
    "57": 7,
    "43": 3,
    "55": 3,
    "37": 6,
    "38": 3,
    "35": 4,
    "41": 3,
    "40": 3,
    "39": 3,
    "36": 3,
    "22": 3
  }
}