{
  "folio": "F53V",
  "total_lines": 83,
  "total_tokens": 188,
  "rel_counts": {
    "REL_Q": 3
  },
  "state_counts": {
    "STATE_Y": 5
  },
  "rel_freq": {
    "REL_Q": 0.015957446808510637
  },
  "state_freq": {
    "STATE_Y": 0.026595744680851064
  },
  "token_length_hist": {
    "2": 7,
    "4": 6,
    "6": 11,
    "10": 4,
    "8": 8,
    "1": 51,
    "15": 13,
    "3": 6,
    "5": 2,
    "7": 5,
    "11": 1,
    "9": 4,
    "14": 29,
    "12": 1,
    "44": 3,
    "54": 6,
    "49": 6,
    "51": 6,
    "47": 3,
    "52": 4,
    "34": 3,
    "39": 3,
    "46": 3,
    "20": 3
  }
}