{
  "folio": "F54V",
  "total_lines": 93,
  "total_tokens": 210,
  "rel_counts": {
    "REL_OR": 2
  },
  "state_counts": {
    "STATE_Y": 3
  },
  "rel_freq": {
    "REL_OR": 0.009523809523809525
  },
  "state_freq": {
    "STATE_Y": 0.014285714285714285
  },
  "token_length_hist": {
    "2": 9,
    "4": 7,
    "6": 11,
    "10": 3,
    "8": 8,
    "1": 53,
    "15": 22,
    "3": 6,
    "5": 5,
    "7": 5,
    "11": 1,
    "9": 3,
    "14": 28,
    "12": 1,
    "64": 3,
    "68": 3,
    "54": 3,
    "51": 3,
    "46": 9,
    "43": 3,
    "45": 3,
    "44": 3,
    "29": 6,
    "27": 3,
    "28": 3,
    "30": 3,
    "37": 3
  }
}