{
  "folio": "F55R",
  "total_lines": 80,
  "total_tokens": 183,
  "rel_counts": {},
  "state_counts": {
    "STATE_Y": 5,
    "STATE_AIIN": 6
  },
  "rel_freq": {},
  "state_freq": {
    "STATE_Y": 0.0273224043715847,
    "STATE_AIIN": 0.03278688524590164
  },
  "token_length_hist": {
    "2": 7,
    "4": 6,
    "6": 11,
    "10": 4,
    "8": 8,
    "1": 49,
    "15": 13,
    "3": 6,
    "5": 2,
    "7": 5,
    "11": 1,
    "9": 3,
    "14": 28,
    "12": 1,
    "55": 9,
    "52": 6,
    "57": 3,
    "37": 3,
    "56": 6,
    "54": 6,
    "53": 3,
    "41": 3
  }
}