{
  "folio": "F56R",
  "total_lines": 134,
  "total_tokens": 304,
  "rel_counts": {
    "REL_OL": 5,
    "REL_Q": 8
  },
  "state_counts": {
    "STATE_Y": 17,
    "STATE_AIIN": 4
  },
  "rel_freq": {
    "REL_OL": 0.01644736842105263,
    "REL_Q": 0.02631578947368421
  },
  "state_freq": {
    "STATE_Y": 0.05592105263157895,
    "STATE_AIIN": 0.013157894736842105
  },
  "token_length_hist": {
    "2": 10,
    "4": 13,
    "6": 15,
    "10": 3,
    "8": 10,
    "1": 64,
    "15": 42,
    "3": 10,
    "5": 5,
    "7": 6,
    "9": 5,
    "11": 1,
    "17": 1,
    "12": 1,
    "13": 1,
    "14": 38,
    "51": 8,
    "47": 9,
    "49": 4,
    "36": 4,
    "38": 9,
    "37": 4,
    "44": 4,
    "46": 5,
    "45": 4,
    "32": 4,
    "31": 8,
    "30": 4,
    "42": 4,
    "43": 4,
    "28": 4
  }
}