{
  "folio": "F56V",
  "total_lines": 100,
  "total_tokens": 261,
  "rel_counts": {
    "REL_AL": 1,
    "REL_Q": 7,
    "REL_OL": 3
  },
  "state_counts": {
    "STATE_Y": 4,
    "STATE_AIIN": 6
  },
  "rel_freq": {
    "REL_AL": 0.0038314176245210726,
    "REL_Q": 0.02681992337164751,
    "REL_OL": 0.011494252873563218
  },
  "state_freq": {
    "STATE_Y": 0.01532567049808429,
    "STATE_AIIN": 0.022988505747126436
  },
  "token_length_hist": {
    "2": 17,
    "4": 12,
    "6": 16,
    "10": 4,
    "8": 9,
    "1": 64,
    "15": 22,
    "3": 17,
    "5": 4,
    "7": 11,
    "11": 3,
    "9": 4,
    "22": 1,
    "12": 2,
    "14": 27,
    "56": 3,
    "54": 3,
    "53": 3,
    "52": 3,
    "35": 3,
    "30": 3,
    "44": 6,
    "43": 9,
    "42": 3,
    "31": 6,
    "33": 3,
    "26": 3
  }
}