{
  "folio": "F58V",
  "total_lines": 174,
  "total_tokens": 455,
  "rel_counts": {
    "REL_OR": 4,
    "REL_Q": 14,
    "REL_OL": 4,
    "REL_AL": 1
  },
  "state_counts": {
    "STATE_Y": 32,
    "STATE_AIIN": 2
  },
  "rel_freq": {
    "REL_OR": 0.008791208791208791,
    "REL_Q": 0.03076923076923077,
    "REL_OL": 0.008791208791208791,
    "REL_AL": 0.002197802197802198
  },
  "state_freq": {
    "STATE_Y": 0.07032967032967033,
    "STATE_AIIN": 0.004395604395604396
  },
  "token_length_hist": {
    "2": 28,
    "4": 31,
    "6": 23,
    "10": 8,
    "8": 14,
    "1": 110,
    "15": 62,
    "3": 29,
    "5": 28,
    "7": 12,
    "11": 2,
    "9": 7,
    "12": 1,
    "14": 19,
    "13": 2,
    "63": 6,
    "64": 6,
    "57": 8,
    "61": 6,
    "60": 10,
    "59": 8,
    "55": 4,
    "58": 8,
    "22": 3,
    "62": 2,
    "48": 2,
    "66": 1,
    "67": 1,
    "56": 2,
    "54": 2,
    "21": 2,
    "50": 2,
    "51": 4,
    "39": 2
  }
}