{
  "folio": "F5V",
  "total_lines": 85,
  "total_tokens": 350,
  "rel_counts": {
    "REL_AL": 1,
    "REL_Q": 9
  },
  "state_counts": {
    "STATE_Y": 11,
    "STATE_AIIN": 12
  },
  "rel_freq": {
    "REL_AL": 0.002857142857142857,
    "REL_Q": 0.025714285714285714
  },
  "state_freq": {
    "STATE_Y": 0.03142857142857143,
    "STATE_AIIN": 0.03428571428571429
  },
  "token_length_hist": {
    "2": 18,
    "4": 34,
    "6": 31,
    "10": 6,
    "8": 19,
    "1": 77,
    "15": 1,
    "7": 20,
    "5": 30,
    "3": 33,
    "11": 4,
    "9": 18,
    "12": 2,
    "13": 29,
    "14": 2,
    "16": 2,
    "56": 4,
    "53": 2,
    "52": 10,
    "51": 4,
    "20": 4
  }
}