{
  "folio": "F66R",
  "total_lines": 549,
  "total_tokens": 1371,
  "rel_counts": {
    "REL_OR": 3,
    "REL_AL": 4,
    "REL_Q": 26,
    "REL_OL": 3
  },
  "state_counts": {
    "STATE_Y": 89,
    "STATE_AIIN": 10
  },
  "rel_freq": {
    "REL_OR": 0.002188183807439825,
    "REL_AL": 0.0029175784099197666,
    "REL_Q": 0.018964259664478483,
    "REL_OL": 0.002188183807439825
  },
  "state_freq": {
    "STATE_Y": 0.06491611962071481,
    "STATE_AIIN": 0.007293946024799417
  },
  "token_length_hist": {
    "2": 104,
    "4": 87,
    "6": 57,
    "10": 7,
    "8": 34,
    "1": 400,
    "15": 265,
    "13": 10,
    "5": 88,
    "3": 123,
    "7": 27,
    "9": 18,
    "11": 3,
    "12": 5,
    "14": 37,
    "18": 3,
    "16": 3,
    "66": 3,
    "58": 12,
    "62": 18,
    "63": 9,
    "59": 6,
    "26": 3,
    "61": 3,
    "64": 12,
    "60": 9,
    "49": 1,
    "48": 2,
    "43": 3,
    "52": 3,
    "65": 3,
    "56": 3,
    "55": 3,
    "37": 3,
    "29": 4
  }
}