{
  "folio": "F67V1",
  "total_lines": 256,
  "total_tokens": 1071,
  "rel_counts": {
    "REL_OR": 3,
    "REL_OL": 6
  },
  "state_counts": {
    "STATE_Y": 67,
    "STATE_AIN": 1
  },
  "rel_freq": {
    "REL_OR": 0.0028011204481792717,
    "REL_OL": 0.0056022408963585435
  },
  "state_freq": {
    "STATE_Y": 0.06255835667600373,
    "STATE_AIN": 0.0009337068160597573
  },
  "token_length_hist": {
    "2": 139,
    "4": 98,
    "6": 66,
    "10": 28,
    "8": 40,
    "1": 246,
    "15": 28,
    "5": 112,
    "3": 102,
    "7": 42,
    "9": 39,
    "11": 5,
    "12": 10,
    "36": 1,
    "14": 1,
    "13": 4,
    "16": 62,
    "23": 6,
    "43": 2,
    "38": 1,
    "27": 3,
    "26": 3,
    "22": 9,
    "25": 6,
    "19": 3,
    "17": 6,
    "20": 3,
    "18": 6
  }
}