{
  "folio": "F67V2",
  "total_lines": 242,
  "total_tokens": 1058,
  "rel_counts": {
    "REL_OR": 1,
    "REL_AL": 2,
    "REL_Q": 4
  },
  "state_counts": {
    "STATE_Y": 39,
    "STATE_AIN": 9
  },
  "rel_freq": {
    "REL_OR": 0.000945179584120983,
    "REL_AL": 0.001890359168241966,
    "REL_Q": 0.003780718336483932
  },
  "state_freq": {
    "STATE_Y": 0.036862003780718335,
    "STATE_AIN": 0.008506616257088847
  },
  "token_length_hist": {
    "2": 133,
    "4": 100,
    "6": 87,
    "10": 25,
    "8": 30,
    "1": 198,
    "15": 39,
    "5": 107,
    "14": 11,
    "3": 101,
    "7": 66,
    "9": 31,
    "18": 6,
    "13": 13,
    "11": 8,
    "12": 5,
    "21": 6,
    "16": 51,
    "26": 9,
    "25": 7,
    "17": 11,
    "19": 4,
    "22": 6,
    "23": 1,
    "30": 2,
    "31": 1
  }
}