{
  "folio": "F68R1",
  "total_lines": 236,
  "total_tokens": 733,
  "rel_counts": {
    "REL_AL": 2,
    "REL_OL": 3,
    "REL_OR": 3
  },
  "state_counts": {
    "STATE_Y": 78,
    "STATE_AIIN": 3,
    "STATE_AIN": 1
  },
  "rel_freq": {
    "REL_AL": 0.002728512960436562,
    "REL_OL": 0.004092769440654843,
    "REL_OR": 0.004092769440654843
  },
  "state_freq": {
    "STATE_Y": 0.10641200545702592,
    "STATE_AIIN": 0.004092769440654843,
    "STATE_AIN": 0.001364256480218281
  },
  "token_length_hist": {
    "2": 68,
    "4": 66,
    "6": 62,
    "10": 14,
    "8": 39,
    "1": 143,
    "15": 32,
    "5": 64,
    "3": 54,
    "7": 43,
    "9": 24,
    "11": 4,
    "12": 2,
    "35": 1,
    "13": 10,
    "67": 8,
    "32": 4,
    "31": 4,
    "16": 88,
    "29": 3
  }
}