{
  "folio": "F68V3",
  "total_lines": 205,
  "total_tokens": 844,
  "rel_counts": {
    "REL_AL": 1,
    "REL_Q": 7,
    "REL_OR": 2
  },
  "state_counts": {
    "STATE_Y": 48,
    "STATE_AIN": 2,
    "STATE_AIIN": 1
  },
  "rel_freq": {
    "REL_AL": 0.001184834123222749,
    "REL_Q": 0.008293838862559242,
    "REL_OR": 0.002369668246445498
  },
  "state_freq": {
    "STATE_Y": 0.05687203791469194,
    "STATE_AIN": 0.002369668246445498,
    "STATE_AIIN": 0.001184834123222749
  },
  "token_length_hist": {
    "2": 97,
    "4": 76,
    "6": 73,
    "10": 15,
    "8": 37,
    "1": 176,
    "15": 32,
    "7": 49,
    "5": 82,
    "3": 73,
    "9": 23,
    "11": 7,
    "13": 8,
    "12": 5,
    "29": 1,
    "14": 2,
    "16": 33,
    "91": 4,
    "87": 4,
    "77": 4,
    "23": 4,
    "307": 3,
    "31": 3,
    "42": 3,
    "32": 3,
    "49": 3,
    "26": 3,
    "46": 3,
    "21": 6,
    "54": 3,
    "80": 3,
    "24": 3,
    "22": 3
  }
}