{
  "folio": "F69R",
  "total_lines": 371,
  "total_tokens": 1425,
  "rel_counts": {
    "REL_AL": 6,
    "REL_OR": 1,
    "REL_Q": 1
  },
  "state_counts": {
    "STATE_Y": 81,
    "STATE_AIN": 1,
    "STATE_AIIN": 3
  },
  "rel_freq": {
    "REL_AL": 0.004210526315789474,
    "REL_OR": 0.0007017543859649122,
    "REL_Q": 0.0007017543859649122
  },
  "state_freq": {
    "STATE_Y": 0.056842105263157895,
    "STATE_AIN": 0.0007017543859649122,
    "STATE_AIIN": 0.002105263157894737
  },
  "token_length_hist": {
    "2": 157,
    "4": 130,
    "6": 95,
    "10": 20,
    "8": 47,
    "1": 275,
    "15": 127,
    "3": 159,
    "5": 106,
    "7": 84,
    "11": 19,
    "9": 39,
    "12": 18,
    "31": 1,
    "13": 26,
    "21": 2,
    "14": 42,
    "56": 5,
    "54": 3,
    "57": 1,
    "51": 3,
    "25": 3,
    "23": 3,
    "18": 19,
    "30": 2,
    "24": 4,
    "16": 11,
    "28": 1,
    "27": 1,
    "26": 1,
    "19": 9,
    "17": 9,
    "65": 3
  }
}