{
  "folio": "F6R",
  "total_lines": 96,
  "total_tokens": 265,
  "rel_counts": {
    "REL_OR": 8,
    "REL_Q": 3
  },
  "state_counts": {
    "STATE_Y": 3
  },
  "rel_freq": {
    "REL_OR": 0.03018867924528302,
    "REL_Q": 0.011320754716981131
  },
  "state_freq": {
    "STATE_Y": 0.011320754716981131
  },
  "token_length_hist": {
    "2": 19,
    "4": 12,
    "6": 17,
    "10": 5,
    "8": 7,
    "1": 64,
    "15": 1,
    "3": 22,
    "5": 13,
    "7": 10,
    "11": 3,
    "9": 5,
    "13": 28,
    "12": 1,
    "16": 1,
    "61": 6,
    "55": 3,
    "57": 3,
    "56": 3,
    "58": 3,
    "44": 6,
    "41": 3,
    "14": 15,
    "42": 3,
    "35": 3,
    "34": 3,
    "31": 3,
    "29": 3
  }
}