{
  "folio": "F70V1",
  "total_lines": 298,
  "total_tokens": 1767,
  "rel_counts": {
    "REL_Q": 5,
    "REL_AL": 6,
    "REL_OR": 12
  },
  "state_counts": {
    "STATE_Y": 77,
    "STATE_AIN": 1,
    "STATE_AIIN": 4
  },
  "rel_freq": {
    "REL_Q": 0.0028296547821165816,
    "REL_AL": 0.003395585738539898,
    "REL_OR": 0.006791171477079796
  },
  "state_freq": {
    "STATE_Y": 0.04357668364459536,
    "STATE_AIN": 0.0005659309564233164,
    "STATE_AIIN": 0.0022637238256932655
  },
  "token_length_hist": {
    "2": 232,
    "4": 203,
    "6": 150,
    "10": 35,
    "8": 68,
    "1": 287,
    "15": 36,
    "5": 255,
    "3": 247,
    "7": 95,
    "9": 57,
    "11": 15,
    "30": 1,
    "12": 10,
    "13": 10,
    "14": 16,
    "18": 2,
    "17": 5,
    "16": 35,
    "252": 2,
    "152": 2,
    "23": 4
  }
}