{
  "folio": "F71R",
  "total_lines": 173,
  "total_tokens": 718,
  "rel_counts": {
    "REL_OR": 3,
    "REL_OL": 2,
    "REL_Q": 1
  },
  "state_counts": {
    "STATE_Y": 38,
    "STATE_AIN": 1
  },
  "rel_freq": {
    "REL_OR": 0.004178272980501393,
    "REL_OL": 0.002785515320334262,
    "REL_Q": 0.001392757660167131
  },
  "state_freq": {
    "STATE_Y": 0.052924791086350974,
    "STATE_AIN": 0.001392757660167131
  },
  "token_length_hist": {
    "2": 61,
    "4": 59,
    "6": 64,
    "10": 12,
    "8": 51,
    "1": 145,
    "15": 26,
    "5": 91,
    "3": 61,
    "7": 45,
    "11": 8,
    "9": 41,
    "21": 1,
    "12": 2,
    "14": 27,
    "228": 2,
    "13": 18,
    "167": 2,
    "62": 2
  }
}