{
  "folio": "F72R2",
  "total_lines": 263,
  "total_tokens": 1152,
  "rel_counts": {
    "REL_OR": 7,
    "REL_AL": 2
  },
  "state_counts": {
    "STATE_Y": 59,
    "STATE_AIIN": 1
  },
  "rel_freq": {
    "REL_OR": 0.006076388888888889,
    "REL_AL": 0.001736111111111111
  },
  "state_freq": {
    "STATE_Y": 0.051215277777777776,
    "STATE_AIIN": 0.0008680555555555555
  },
  "token_length_hist": {
    "2": 107,
    "4": 114,
    "6": 87,
    "10": 26,
    "8": 56,
    "1": 200,
    "15": 28,
    "5": 156,
    "3": 114,
    "7": 76,
    "11": 11,
    "9": 60,
    "27": 1,
    "12": 5,
    "13": 3,
    "17": 1,
    "14": 32,
    "247": 2,
    "16": 69,
    "156": 2,
    "79": 2
  }
}