{
  "folio": "F75R",
  "total_lines": 301,
  "total_tokens": 633,
  "rel_counts": {
    "REL_Q": 44
  },
  "state_counts": {
    "STATE_Y": 75,
    "STATE_AIIN": 5
  },
  "rel_freq": {
    "REL_Q": 0.06951026856240126
  },
  "state_freq": {
    "STATE_Y": 0.11848341232227488,
    "STATE_AIIN": 0.007898894154818325
  },
  "token_length_hist": {
    "2": 21,
    "4": 19,
    "6": 17,
    "10": 9,
    "8": 15,
    "1": 105,
    "15": 170,
    "3": 11,
    "5": 15,
    "7": 11,
    "11": 6,
    "9": 8,
    "22": 1,
    "12": 2,
    "13": 3,
    "14": 36,
    "61": 12,
    "62": 5,
    "63": 11,
    "60": 4,
    "84": 3,
    "86": 6,
    "70": 5,
    "88": 5,
    "82": 15,
    "83": 10,
    "81": 4,
    "79": 2,
    "80": 5,
    "77": 1,
    "69": 3,
    "75": 4,
    "78": 3,
    "56": 20,
    "54": 16,
    "52": 8,
    "57": 4,
    "55": 4,
    "58": 12,
    "50": 4,
    "87": 1,
    "71": 1,
    "68": 4,
    "53": 8,
    "66": 4
  }
}