{
  "folio": "F76V",
  "total_lines": 237,
  "total_tokens": 487,
  "rel_counts": {
    "REL_Q": 20,
    "REL_OR": 4
  },
  "state_counts": {
    "STATE_Y": 76,
    "STATE_AIIN": 8
  },
  "rel_freq": {
    "REL_Q": 0.04106776180698152,
    "REL_OR": 0.008213552361396304
  },
  "state_freq": {
    "STATE_Y": 0.15605749486652978,
    "STATE_AIIN": 0.01642710472279261
  },
  "token_length_hist": {
    "2": 11,
    "4": 12,
    "6": 11,
    "10": 5,
    "8": 10,
    "1": 81,
    "15": 129,
    "3": 7,
    "5": 5,
    "7": 7,
    "11": 2,
    "9": 3,
    "21": 1,
    "12": 2,
    "13": 1,
    "14": 36,
    "72": 10,
    "73": 2,
    "71": 12,
    "66": 12,
    "69": 20,
    "61": 8,
    "35": 4,
    "67": 19,
    "75": 4,
    "70": 4,
    "39": 4,
    "64": 12,
    "68": 5,
    "34": 4,
    "65": 4,
    "60": 4,
    "63": 12,
    "24": 4,
    "62": 4,
    "38": 4,
    "59": 8,
    "47": 4
  }
}