{
  "folio": "F77R",
  "total_lines": 292,
  "total_tokens": 666,
  "rel_counts": {
    "REL_OL": 3,
    "REL_Q": 32
  },
  "state_counts": {
    "STATE_Y": 61,
    "STATE_AIIN": 16
  },
  "rel_freq": {
    "REL_OL": 0.0045045045045045045,
    "REL_Q": 0.04804804804804805
  },
  "state_freq": {
    "STATE_Y": 0.0915915915915916,
    "STATE_AIIN": 0.024024024024024024
  },
  "token_length_hist": {
    "2": 27,
    "4": 26,
    "6": 33,
    "10": 7,
    "8": 22,
    "1": 122,
    "15": 163,
    "3": 23,
    "5": 20,
    "7": 13,
    "11": 2,
    "9": 16,
    "14": 29,
    "12": 2,
    "13": 1,
    "79": 3,
    "80": 1,
    "71": 12,
    "72": 8,
    "74": 4,
    "73": 8,
    "69": 4,
    "70": 4,
    "68": 4,
    "56": 16,
    "53": 8,
    "44": 4,
    "55": 8,
    "52": 12,
    "45": 4,
    "43": 4,
    "50": 8,
    "60": 4,
    "59": 8,
    "58": 8,
    "54": 12,
    "61": 4,
    "65": 3,
    "66": 1,
    "57": 4,
    "23": 4
  }
}