{
  "folio": "F78R",
  "total_lines": 282,
  "total_tokens": 650,
  "rel_counts": {
    "REL_Q": 46,
    "REL_OL": 4,
    "REL_OR": 5
  },
  "state_counts": {
    "STATE_Y": 33
  },
  "rel_freq": {
    "REL_Q": 0.07076923076923076,
    "REL_OL": 0.006153846153846154,
    "REL_OR": 0.007692307692307693
  },
  "state_freq": {
    "STATE_Y": 0.05076923076923077
  },
  "token_length_hist": {
    "2": 22,
    "4": 29,
    "6": 32,
    "10": 6,
    "8": 21,
    "1": 114,
    "15": 152,
    "3": 14,
    "5": 18,
    "7": 20,
    "11": 7,
    "9": 7,
    "12": 3,
    "13": 3,
    "14": 34,
    "54": 4,
    "55": 4,
    "56": 4,
    "50": 7,
    "61": 12,
    "60": 4,
    "62": 10,
    "82": 1,
    "47": 4,
    "79": 1,
    "63": 8,
    "42": 8,
    "43": 12,
    "40": 8,
    "27": 4,
    "41": 16,
    "45": 4,
    "46": 4,
    "76": 1,
    "28": 12,
    "72": 3,
    "73": 1,
    "65": 8,
    "70": 4,
    "67": 4,
    "66": 4,
    "64": 4,
    "59": 4,
    "37": 4,
    "29": 4
  }
}