{
  "folio": "F78V",
  "total_lines": 196,
  "total_tokens": 413,
  "rel_counts": {
    "REL_OL": 12,
    "REL_Q": 36
  },
  "state_counts": {
    "STATE_Y": 55,
    "STATE_AIIN": 10
  },
  "rel_freq": {
    "REL_OL": 0.029055690072639227,
    "REL_Q": 0.08716707021791767
  },
  "state_freq": {
    "STATE_Y": 0.13317191283292978,
    "STATE_AIIN": 0.024213075060532687
  },
  "token_length_hist": {
    "2": 11,
    "4": 12,
    "6": 11,
    "10": 5,
    "8": 10,
    "1": 76,
    "15": 93,
    "3": 9,
    "5": 5,
    "7": 8,
    "11": 2,
    "9": 4,
    "12": 2,
    "13": 1,
    "14": 36,
    "60": 7,
    "61": 1,
    "57": 8,
    "58": 4,
    "55": 4,
    "50": 36,
    "56": 4,
    "59": 4,
    "52": 12,
    "48": 4,
    "53": 8,
    "51": 16,
    "46": 4,
    "54": 4,
    "49": 8,
    "34": 4
  }
}