{
  "folio": "F80R",
  "total_lines": 305,
  "total_tokens": 686,
  "rel_counts": {
    "REL_Q": 22,
    "REL_AL": 1,
    "REL_OL": 10
  },
  "state_counts": {
    "STATE_Y": 50,
    "STATE_AIN": 4
  },
  "rel_freq": {
    "REL_Q": 0.03206997084548105,
    "REL_AL": 0.0014577259475218659,
    "REL_OL": 0.014577259475218658
  },
  "state_freq": {
    "STATE_Y": 0.0728862973760933,
    "STATE_AIN": 0.0058309037900874635
  },
  "token_length_hist": {
    "2": 22,
    "4": 42,
    "6": 36,
    "10": 6,
    "8": 14,
    "1": 115,
    "15": 176,
    "7": 11,
    "5": 30,
    "3": 23,
    "11": 2,
    "9": 8,
    "12": 2,
    "14": 27,
    "13": 1,
    "98": 3,
    "99": 1,
    "75": 12,
    "72": 20,
    "74": 12,
    "83": 4,
    "77": 5,
    "70": 12,
    "67": 8,
    "71": 15,
    "62": 4,
    "65": 6,
    "66": 2,
    "76": 7,
    "68": 4,
    "73": 4,
    "80": 8,
    "82": 8,
    "85": 4,
    "54": 12,
    "55": 8,
    "56": 4,
    "61": 4,
    "41": 4
  }
}