{
  "folio": "F80V",
  "total_lines": 254,
  "total_tokens": 517,
  "rel_counts": {
    "REL_Q": 32,
    "REL_OL": 8
  },
  "state_counts": {
    "STATE_Y": 23,
    "STATE_AIIN": 1
  },
  "rel_freq": {
    "REL_Q": 0.061895551257253385,
    "REL_OL": 0.015473887814313346
  },
  "state_freq": {
    "STATE_Y": 0.04448742746615087,
    "STATE_AIIN": 0.0019342359767891683
  },
  "token_length_hist": {
    "2": 11,
    "4": 12,
    "6": 11,
    "10": 5,
    "8": 10,
    "1": 86,
    "15": 141,
    "3": 7,
    "5": 5,
    "7": 7,
    "11": 2,
    "9": 4,
    "20": 1,
    "12": 2,
    "13": 5,
    "14": 36,
    "67": 8,
    "68": 16,
    "60": 13,
    "69": 9,
    "64": 7,
    "59": 19,
    "61": 11,
    "57": 8,
    "54": 4,
    "30": 4,
    "65": 1,
    "55": 4,
    "37": 4,
    "62": 4,
    "63": 5,
    "44": 4,
    "72": 8,
    "73": 4,
    "46": 4,
    "35": 4,
    "66": 15,
    "51": 4,
    "53": 4,
    "74": 1,
    "32": 4,
    "71": 3
  }
}