{
  "folio": "F81R",
  "total_lines": 192,
  "total_tokens": 420,
  "rel_counts": {
    "REL_Q": 32,
    "REL_OL": 4
  },
  "state_counts": {
    "STATE_Y": 71,
    "STATE_AIIN": 2
  },
  "rel_freq": {
    "REL_Q": 0.0761904761904762,
    "REL_OL": 0.009523809523809525
  },
  "state_freq": {
    "STATE_Y": 0.16904761904761906,
    "STATE_AIIN": 0.004761904761904762
  },
  "token_length_hist": {
    "2": 12,
    "4": 17,
    "6": 13,
    "10": 5,
    "8": 10,
    "1": 76,
    "15": 89,
    "3": 12,
    "5": 7,
    "7": 7,
    "9": 6,
    "11": 2,
    "20": 1,
    "12": 2,
    "13": 1,
    "14": 36,
    "50": 3,
    "51": 1,
    "43": 4,
    "39": 4,
    "37": 9,
    "40": 16,
    "33": 20,
    "32": 4,
    "36": 7,
    "30": 4,
    "34": 8,
    "45": 7,
    "46": 2,
    "44": 7,
    "41": 16,
    "42": 8,
    "58": 4
  }
}