{
  "folio": "F82V",
  "total_lines": 293,
  "total_tokens": 719,
  "rel_counts": {
    "REL_AL": 1,
    "REL_OR": 12,
    "REL_Q": 40,
    "REL_OL": 6
  },
  "state_counts": {
    "STATE_Y": 64,
    "STATE_AIIN": 1,
    "STATE_AIN": 3
  },
  "rel_freq": {
    "REL_AL": 0.0013908205841446453,
    "REL_OR": 0.016689847009735744,
    "REL_Q": 0.055632823365785816,
    "REL_OL": 0.008344923504867872
  },
  "state_freq": {
    "STATE_Y": 0.0890125173852573,
    "STATE_AIIN": 0.0013908205841446453,
    "STATE_AIN": 0.004172461752433936
  },
  "token_length_hist": {
    "2": 47,
    "4": 33,
    "6": 63,
    "10": 9,
    "8": 14,
    "1": 137,
    "15": 147,
    "3": 19,
    "5": 31,
    "7": 23,
    "9": 12,
    "11": 4,
    "12": 6,
    "14": 33,
    "13": 5,
    "71": 4,
    "74": 12,
    "72": 4,
    "77": 4,
    "44": 4,
    "64": 14,
    "65": 10,
    "61": 9,
    "62": 8,
    "45": 4,
    "63": 8,
    "66": 4,
    "57": 4,
    "59": 4,
    "60": 16,
    "68": 4,
    "48": 4,
    "58": 7,
    "54": 4,
    "40": 4,
    "33": 3,
    "34": 1
  }
}