{
  "folio": "F83R",
  "total_lines": 335,
  "total_tokens": 773,
  "rel_counts": {
    "REL_OL": 11,
    "REL_Q": 16,
    "REL_OR": 3
  },
  "state_counts": {
    "STATE_Y": 106,
    "STATE_AIIN": 12
  },
  "rel_freq": {
    "REL_OL": 0.014230271668822769,
    "REL_Q": 0.02069857697283312,
    "REL_OR": 0.0038809831824062097
  },
  "state_freq": {
    "STATE_Y": 0.1371280724450194,
    "STATE_AIIN": 0.015523932729624839
  },
  "token_length_hist": {
    "2": 35,
    "4": 33,
    "6": 43,
    "10": 10,
    "8": 18,
    "1": 139,
    "15": 181,
    "3": 17,
    "5": 12,
    "7": 20,
    "11": 2,
    "9": 7,
    "12": 11,
    "13": 9,
    "14": 36,
    "56": 3,
    "57": 1,
    "59": 4,
    "62": 16,
    "61": 8,
    "63": 8,
    "65": 8,
    "48": 7,
    "49": 1,
    "66": 11,
    "67": 8,
    "64": 8,
    "60": 8,
    "68": 1,
    "43": 4,
    "40": 4,
    "37": 20,
    "46": 4,
    "39": 12,
    "36": 12,
    "30": 4,
    "38": 8,
    "33": 8,
    "35": 12,
    "26": 8,
    "21": 8,
    "19": 4
  }
}