{
  "folio": "F84R",
  "total_lines": 289,
  "total_tokens": 773,
  "rel_counts": {
    "REL_OR": 4,
    "REL_OL": 4,
    "REL_Q": 40
  },
  "state_counts": {
    "STATE_Y": 95,
    "STATE_AIIN": 13
  },
  "rel_freq": {
    "REL_OR": 0.00517464424320828,
    "REL_OL": 0.00517464424320828,
    "REL_Q": 0.0517464424320828
  },
  "state_freq": {
    "STATE_Y": 0.12289780077619664,
    "STATE_AIIN": 0.016817593790426907
  },
  "token_length_hist": {
    "2": 48,
    "4": 38,
    "6": 49,
    "10": 7,
    "8": 18,
    "1": 139,
    "15": 150,
    "5": 53,
    "3": 56,
    "7": 28,
    "9": 9,
    "11": 2,
    "14": 32,
    "12": 5,
    "13": 3,
    "71": 12,
    "75": 15,
    "57": 4,
    "80": 3,
    "81": 4,
    "61": 4,
    "82": 1,
    "69": 8,
    "79": 4,
    "76": 8,
    "77": 4,
    "78": 1,
    "51": 8,
    "73": 4,
    "63": 4,
    "70": 4,
    "72": 4,
    "52": 4,
    "83": 3,
    "85": 1,
    "44": 4,
    "47": 4,
    "40": 4,
    "42": 4,
    "50": 8,
    "48": 4,
    "49": 4,
    "45": 4
  }
}