{
  "folio": "F85R1",
  "total_lines": 145,
  "total_tokens": 343,
  "rel_counts": {
    "REL_Q": 2,
    "REL_OL": 2
  },
  "state_counts": {
    "STATE_Y": 21,
    "STATE_AIIN": 2
  },
  "rel_freq": {
    "REL_Q": 0.0058309037900874635,
    "REL_OL": 0.0058309037900874635
  },
  "state_freq": {
    "STATE_Y": 0.061224489795918366,
    "STATE_AIIN": 0.0058309037900874635
  },
  "token_length_hist": {
    "2": 22,
    "4": 19,
    "6": 13,
    "10": 4,
    "8": 10,
    "1": 85,
    "15": 19,
    "3": 16,
    "5": 14,
    "7": 10,
    "9": 7,
    "11": 1,
    "12": 1,
    "73": 4,
    "69": 8,
    "70": 8,
    "75": 2,
    "65": 10,
    "42": 2,
    "16": 52,
    "33": 2,
    "74": 2,
    "66": 4,
    "63": 4,
    "27": 2,
    "68": 2,
    "71": 2,
    "31": 2,
    "38": 2,
    "67": 4,
    "43": 2,
    "58": 2,
    "62": 2,
    "64": 2,
    "34": 2
  }
}