{
  "folio": "F89R1",
  "total_lines": 216,
  "total_tokens": 623,
  "rel_counts": {
    "REL_AL": 3,
    "REL_Q": 16,
    "REL_OL": 4
  },
  "state_counts": {
    "STATE_Y": 41,
    "STATE_AIIN": 8,
    "STATE_AIN": 7
  },
  "rel_freq": {
    "REL_AL": 0.004815409309791332,
    "REL_Q": 0.025682182985553772,
    "REL_OL": 0.006420545746388443
  },
  "state_freq": {
    "STATE_Y": 0.06581059390048154,
    "STATE_AIIN": 0.012841091492776886,
    "STATE_AIN": 0.011235955056179775
  },
  "token_length_hist": {
    "2": 28,
    "4": 46,
    "6": 52,
    "10": 14,
    "8": 29,
    "1": 141,
    "15": 37,
    "3": 12,
    "5": 74,
    "7": 20,
    "9": 17,
    "11": 4,
    "14": 12,
    "12": 5,
    "59": 8,
    "61": 4,
    "57": 8,
    "66": 4,
    "16": 72,
    "87": 4,
    "54": 4,
    "55": 8,
    "43": 4,
    "53": 8,
    "56": 4,
    "13": 4
  }
}