{
  "folio": "F8R",
  "total_lines": 148,
  "total_tokens": 455,
  "rel_counts": {
    "REL_Q": 7,
    "REL_OR": 3
  },
  "state_counts": {
    "STATE_Y": 18,
    "STATE_AIIN": 5
  },
  "rel_freq": {
    "REL_Q": 0.015384615384615385,
    "REL_OR": 0.006593406593406593
  },
  "state_freq": {
    "STATE_Y": 0.03956043956043956,
    "STATE_AIIN": 0.01098901098901099
  },
  "token_length_hist": {
    "2": 39,
    "4": 27,
    "6": 28,
    "10": 13,
    "8": 28,
    "1": 114,
    "15": 3,
    "5": 27,
    "3": 32,
    "7": 10,
    "11": 2,
    "9": 6,
    "12": 5,
    "13": 33,
    "64": 6,
    "52": 3,
    "48": 3,
    "57": 3,
    "63": 6,
    "55": 3,
    "32": 3,
    "14": 35,
    "58": 3,
    "60": 6,
    "37": 3,
    "68": 3,
    "56": 2,
    "59": 3,
    "61": 3,
    "36": 3
  }
}