{
  "folio": "F8V",
  "total_lines": 129,
  "total_tokens": 352,
  "rel_counts": {
    "REL_AL": 1,
    "REL_Q": 5,
    "REL_OR": 4
  },
  "state_counts": {
    "STATE_Y": 21,
    "STATE_AIIN": 16,
    "STATE_AIN": 4
  },
  "rel_freq": {
    "REL_AL": 0.002840909090909091,
    "REL_Q": 0.014204545454545454,
    "REL_OR": 0.011363636363636364
  },
  "state_freq": {
    "STATE_Y": 0.05965909090909091,
    "STATE_AIIN": 0.045454545454545456,
    "STATE_AIN": 0.011363636363636364
  },
  "token_length_hist": {
    "2": 23,
    "4": 18,
    "6": 22,
    "10": 6,
    "8": 10,
    "1": 72,
    "15": 1,
    "3": 29,
    "5": 14,
    "7": 11,
    "11": 4,
    "9": 4,
    "12": 1,
    "16": 1,
    "13": 36,
    "66": 4,
    "58": 8,
    "70": 4,
    "65": 4,
    "47": 4,
    "46": 8,
    "45": 8,
    "48": 4,
    "14": 32,
    "17": 4,
    "55": 7,
    "57": 1,
    "54": 4,
    "61": 4,
    "27": 4
  }
}