{
  "folio": "F94V",
  "total_lines": 66,
  "total_tokens": 152,
  "rel_counts": {
    "REL_OL": 4
  },
  "state_counts": {
    "STATE_Y": 8,
    "STATE_AIIN": 2
  },
  "rel_freq": {
    "REL_OL": 0.02631578947368421
  },
  "state_freq": {
    "STATE_Y": 0.05263157894736842,
    "STATE_AIIN": 0.013157894736842105
  },
  "token_length_hist": {
    "2": 7,
    "4": 6,
    "6": 10,
    "10": 3,
    "8": 8,
    "1": 50,
    "15": 7,
    "3": 5,
    "5": 2,
    "7": 5,
    "11": 1,
    "9": 4,
    "14": 19,
    "12": 1,
    "66": 4,
    "63": 2,
    "58": 2,
    "51": 2,
    "62": 2,
    "65": 2,
    "20": 2,
    "67": 4,
    "69": 2,
    "34": 2
  }
}