{
  "folio": "F95V1",
  "total_lines": 71,
  "total_tokens": 170,
  "rel_counts": {},
  "state_counts": {
    "STATE_Y": 8,
    "STATE_AIN": 2
  },
  "rel_freq": {},
  "state_freq": {
    "STATE_Y": 0.047058823529411764,
    "STATE_AIN": 0.011764705882352941
  },
  "token_length_hist": {
    "2": 9,
    "4": 6,
    "6": 10,
    "10": 4,
    "8": 7,
    "1": 54,
    "15": 19,
    "3": 7,
    "5": 6,
    "7": 5,
    "9": 7,
    "11": 1,
    "12": 1,
    "69": 2,
    "62": 4,
    "65": 4,
    "63": 2,
    "25": 2,
    "64": 4,
    "58": 2,
    "59": 2,
    "16": 8,
    "53": 2,
    "35": 2
  }
}