{
  "folio": "F99V",
  "total_lines": 268,
  "total_tokens": 710,
  "rel_counts": {
    "REL_OL": 16,
    "REL_Q": 10,
    "REL_OR": 2
  },
  "state_counts": {
    "STATE_Y": 54,
    "STATE_AIIN": 2
  },
  "rel_freq": {
    "REL_OL": 0.022535211267605635,
    "REL_Q": 0.014084507042253521,
    "REL_OR": 0.0028169014084507044
  },
  "state_freq": {
    "STATE_Y": 0.07605633802816901,
    "STATE_AIIN": 0.0028169014084507044
  },
  "token_length_hist": {
    "2": 33,
    "4": 74,
    "6": 51,
    "10": 11,
    "8": 26,
    "1": 197,
    "15": 95,
    "3": 25,
    "5": 69,
    "7": 20,
    "12": 5,
    "11": 1,
    "9": 18,
    "13": 2,
    "24": 1,
    "14": 27,
    "18": 3,
    "17": 3,
    "75": 2,
    "74": 2,
    "76": 2,
    "45": 3,
    "62": 8,
    "61": 2,
    "63": 5,
    "46": 2,
    "70": 3,
    "48": 2,
    "60": 9,
    "54": 3,
    "72": 3,
    "26": 3
  }
}