{
  "folio": "F100V",
  "total_lines": 155,
  "total_tokens": 533,
  "rel_counts": {
    "REL_OR": 1
  },
  "state_counts": {
    "STATE_Y": 34
  },
  "rel_freq": {
    "REL_OR": 0.001876172607879925
  },
  "state_freq": {
    "STATE_Y": 0.06378986866791744
  },
  "token_length_hist": {
    "2": 29,
    "4": 45,
    "6": 39,
    "10": 7,
    "8": 14,
    "1": 121,
    "15": 32,
    "3": 11,
    "5": 112,
    "7": 23,
    "9": 19,
    "11": 3,
    "14": 23,
    "12": 7,
    "16": 30,
    "61": 4,
    "58": 6,
    "54": 2,
    "60": 2,
    "55": 2,
    "20": 2
  }
}