{
  "folio": "F100R",
  "total_lines": 253,
  "total_tokens": 839,
  "rel_counts": {
    "REL_OR": 10,
    "REL_OL": 5
  },
  "state_counts": {
    "STATE_Y": 40,
    "STATE_AIN": 5,
    "STATE_AIIN": 3
  },
  "rel_freq": {
    "REL_OR": 0.011918951132300357,
    "REL_OL": 0.0059594755661501785
  },
  "state_freq": {
    "STATE_Y": 0.04767580452920143,
    "STATE_AIN": 0.0059594755661501785,
    "STATE_AIIN": 0.003575685339690107
  },
  "token_length_hist": {
    "2": 50,
    "4": 65,
    "6": 82,
    "10": 20,
    "8": 32,
    "1": 166,
    "15": 52,
    "3": 33,
    "5": 158,
    "7": 26,
    "9": 15,
    "11": 3,
    "14": 15,
    "12": 6,
    "25": 5,
    "16": 75,
    "18": 1,
    "69": 4,
    "67": 10,
    "74": 4,
    "48": 5,
    "64": 3,
    "66": 3,
    "63": 3,
    "36": 3
  }
}