{
  "folio": "F102R2",
  "total_lines": 147,
  "total_tokens": 463,
  "rel_counts": {
    "REL_AL": 1,
    "REL_OR": 1,
    "REL_Q": 3
  },
  "state_counts": {
    "STATE_Y": 41
  },
  "rel_freq": {
    "REL_AL": 0.0021598272138228943,
    "REL_OR": 0.0021598272138228943,
    "REL_Q": 0.0064794816414686825
  },
  "state_freq": {
    "STATE_Y": 0.08855291576673865
  },
  "token_length_hist": {
    "2": 32,
    "4": 36,
    "6": 27,
    "10": 13,
    "8": 27,
    "1": 111,
    "15": 2,
    "3": 30,
    "5": 31,
    "7": 17,
    "9": 14,
    "11": 8,
    "14": 1,
    "12": 8,
    "13": 4,
    "16": 25,
    "38": 6,
    "43": 3,
    "39": 3,
    "56": 5,
    "57": 4,
    "55": 3,
    "17": 32,
    "54": 3,
    "61": 3,
    "58": 2,
    "59": 4,
    "62": 3,
    "60": 3,
    "49": 3
  }
}