{
  "folio": "F103R",
  "total_lines": 212,
  "total_tokens": 454,
  "rel_counts": {
    "REL_AL": 1,
    "REL_Q": 16
  },
  "state_counts": {
    "STATE_Y": 42,
    "STATE_AIN": 2,
    "STATE_AIIN": 4
  },
  "rel_freq": {
    "REL_AL": 0.0022026431718061676,
    "REL_Q": 0.03524229074889868
  },
  "state_freq": {
    "STATE_Y": 0.09251101321585903,
    "STATE_AIN": 0.004405286343612335,
    "STATE_AIIN": 0.00881057268722467
  },
  "token_length_hist": {
    "2": 17,
    "4": 20,
    "6": 13,
    "10": 3,
    "8": 8,
    "1": 103,
    "15": 32,
    "3": 8,
    "5": 13,
    "7": 8,
    "9": 8,
    "11": 2,
    "24": 1,
    "12": 2,
    "13": 1,
    "80": 10,
    "84": 5,
    "79": 4,
    "14": 1,
    "17": 1,
    "59": 3,
    "77": 5,
    "54": 3,
    "85": 3,
    "16": 91,
    "76": 2,
    "75": 4,
    "55": 4,
    "74": 6,
    "35": 7,
    "73": 6,
    "68": 4,
    "49": 2,
    "72": 4,
    "48": 2,
    "45": 2,
    "71": 2,
    "66": 8,
    "53": 4,
    "26": 2,
    "65": 4,
    "41": 2,
    "64": 6,
    "69": 4,
    "30": 2,
    "67": 2,
    "61": 2,
    "46": 2,
    "62": 2,
    "31": 2,
    "37": 2
  }
}