{
  "folio": "F104R",
  "total_lines": 170,
  "total_tokens": 331,
  "rel_counts": {
    "REL_OL": 13,
    "REL_Q": 4
  },
  "state_counts": {
    "STATE_Y": 10,
    "STATE_AIIN": 4
  },
  "rel_freq": {
    "REL_OL": 0.03927492447129909,
    "REL_Q": 0.012084592145015106
  },
  "state_freq": {
    "STATE_Y": 0.030211480362537766,
    "STATE_AIIN": 0.012084592145015106
  },
  "token_length_hist": {
    "2": 7,
    "4": 5,
    "6": 9,
    "10": 3,
    "8": 7,
    "1": 80,
    "15": 21,
    "3": 3,
    "5": 7,
    "7": 5,
    "9": 5,
    "11": 1,
    "24": 4,
    "12": 1,
    "78": 4,
    "77": 6,
    "74": 4,
    "49": 2,
    "68": 18,
    "71": 5,
    "34": 2,
    "16": 78,
    "73": 3,
    "72": 8,
    "56": 4,
    "66": 6,
    "60": 2,
    "53": 2,
    "70": 5,
    "42": 2,
    "64": 5,
    "59": 2,
    "76": 4,
    "41": 2,
    "69": 2,
    "63": 5,
    "19": 2
  }
}