{
  "folio": "F107V",
  "total_lines": 223,
  "total_tokens": 433,
  "rel_counts": {
    "REL_Q": 6,
    "REL_OR": 9
  },
  "state_counts": {
    "STATE_Y": 41,
    "STATE_AIIN": 2,
    "STATE_AIN": 4
  },
  "rel_freq": {
    "REL_Q": 0.013856812933025405,
    "REL_OR": 0.020785219399538105
  },
  "state_freq": {
    "STATE_Y": 0.09468822170900693,
    "STATE_AIIN": 0.004618937644341801,
    "STATE_AIN": 0.009237875288683603
  },
  "token_length_hist": {
    "2": 7,
    "4": 5,
    "6": 9,
    "10": 3,
    "8": 7,
    "1": 84,
    "15": 28,
    "3": 3,
    "5": 7,
    "7": 5,
    "9": 5,
    "11": 1,
    "24": 1,
    "12": 1,
    "71": 9,
    "73": 3,
    "50": 3,
    "74": 3,
    "32": 3,
    "69": 9,
    "64": 27,
    "16": 120,
    "51": 3,
    "68": 12,
    "67": 12,
    "65": 9,
    "66": 3,
    "43": 3,
    "35": 6,
    "31": 3,
    "49": 3,
    "61": 6,
    "63": 6,
    "38": 3,
    "60": 3,
    "62": 6,
    "39": 3,
    "25": 3,
    "36": 3,
    "46": 3
  }
}