{
  "folio": "F108R",
  "total_lines": 230,
  "total_tokens": 450,
  "rel_counts": {
    "REL_Q": 9,
    "REL_OL": 6,
    "REL_OR": 3
  },
  "state_counts": {
    "STATE_Y": 41,
    "STATE_AIIN": 4
  },
  "rel_freq": {
    "REL_Q": 0.02,
    "REL_OL": 0.013333333333333334,
    "REL_OR": 0.006666666666666667
  },
  "state_freq": {
    "STATE_Y": 0.09111111111111111,
    "STATE_AIIN": 0.008888888888888889
  },
  "token_length_hist": {
    "2": 7,
    "4": 6,
    "6": 10,
    "10": 3,
    "8": 8,
    "1": 90,
    "15": 28,
    "3": 5,
    "5": 7,
    "7": 5,
    "9": 5,
    "11": 1,
    "24": 1,
    "12": 1,
    "80": 1,
    "79": 2,
    "75": 3,
    "72": 12,
    "45": 6,
    "76": 3,
    "73": 6,
    "70": 30,
    "71": 6,
    "16": 123,
    "74": 6,
    "28": 3,
    "69": 9,
    "40": 3,
    "67": 6,
    "66": 12,
    "63": 6,
    "64": 6,
    "30": 6,
    "37": 6,
    "53": 3,
    "60": 6,
    "43": 3,
    "68": 3,
    "62": 3
  }
}