{
  "folio": "F108V",
  "total_lines": 252,
  "total_tokens": 503,
  "rel_counts": {
    "REL_Q": 15,
    "REL_OL": 10
  },
  "state_counts": {
    "STATE_Y": 34,
    "STATE_AIIN": 6
  },
  "rel_freq": {
    "REL_Q": 0.02982107355864811,
    "REL_OL": 0.019880715705765408
  },
  "state_freq": {
    "STATE_Y": 0.06759443339960239,
    "STATE_AIIN": 0.011928429423459244
  },
  "token_length_hist": {
    "2": 14,
    "4": 9,
    "6": 13,
    "10": 4,
    "8": 8,
    "1": 100,
    "15": 28,
    "3": 6,
    "5": 8,
    "7": 8,
    "9": 6,
    "11": 1,
    "24": 1,
    "12": 1,
    "69": 18,
    "74": 9,
    "72": 18,
    "54": 3,
    "68": 3,
    "73": 22,
    "70": 15,
    "16": 134,
    "71": 21,
    "75": 9,
    "47": 3,
    "66": 3,
    "26": 3,
    "76": 9,
    "77": 9,
    "41": 3,
    "78": 6,
    "80": 3,
    "13": 1,
    "30": 4
  }
}