{
  "folio": "F111V",
  "total_lines": 287,
  "total_tokens": 563,
  "rel_counts": {
    "REL_Q": 32,
    "REL_OL": 4
  },
  "state_counts": {
    "STATE_Y": 55,
    "STATE_AIN": 4,
    "STATE_AIIN": 5
  },
  "rel_freq": {
    "REL_Q": 0.056838365896980464,
    "REL_OL": 0.007104795737122558
  },
  "state_freq": {
    "STATE_Y": 0.09769094138543517,
    "STATE_AIN": 0.007104795737122558,
    "STATE_AIIN": 0.008880994671403197
  },
  "token_length_hist": {
    "2": 8,
    "4": 8,
    "6": 10,
    "10": 4,
    "8": 7,
    "1": 91,
    "15": 37,
    "3": 3,
    "5": 8,
    "7": 5,
    "9": 6,
    "11": 2,
    "24": 1,
    "12": 1,
    "77": 8,
    "79": 16,
    "76": 16,
    "74": 16,
    "78": 8,
    "72": 28,
    "71": 16,
    "16": 168,
    "73": 12,
    "75": 12,
    "70": 12,
    "82": 4,
    "31": 4,
    "69": 8,
    "34": 8,
    "68": 8,
    "65": 8,
    "50": 4,
    "66": 8,
    "67": 4,
    "51": 4
  }
}