{
  "folio": "F112V",
  "total_lines": 269,
  "total_tokens": 558,
  "rel_counts": {
    "REL_Q": 8,
    "REL_OR": 4
  },
  "state_counts": {
    "STATE_Y": 58,
    "STATE_AIIN": 10
  },
  "rel_freq": {
    "REL_Q": 0.014336917562724014,
    "REL_OR": 0.007168458781362007
  },
  "state_freq": {
    "STATE_Y": 0.1039426523297491,
    "STATE_AIIN": 0.017921146953405017
  },
  "token_length_hist": {
    "2": 13,
    "4": 13,
    "6": 11,
    "10": 7,
    "8": 8,
    "1": 91,
    "15": 36,
    "3": 6,
    "5": 16,
    "7": 6,
    "9": 6,
    "11": 2,
    "24": 1,
    "12": 1,
    "54": 12,
    "53": 4,
    "55": 12,
    "52": 7,
    "34": 4,
    "16": 149,
    "27": 4,
    "58": 11,
    "60": 8,
    "56": 4,
    "50": 4,
    "62": 4,
    "59": 12,
    "61": 4,
    "65": 16,
    "40": 4,
    "68": 15,
    "69": 8,
    "46": 4,
    "67": 13,
    "30": 3,
    "81": 1,
    "79": 3,
    "45": 5,
    "64": 2,
    "76": 2,
    "66": 2,
    "75": 2,
    "72": 4,
    "31": 4,
    "70": 5,
    "17": 4,
    "47": 5
  }
}