{
  "folio": "F114V",
  "total_lines": 158,
  "total_tokens": 307,
  "rel_counts": {
    "REL_Q": 4,
    "REL_OL": 8
  },
  "state_counts": {
    "STATE_Y": 26,
    "STATE_AIIN": 5
  },
  "rel_freq": {
    "REL_Q": 0.013029315960912053,
    "REL_OL": 0.026058631921824105
  },
  "state_freq": {
    "STATE_Y": 0.08469055374592833,
    "STATE_AIIN": 0.016286644951140065
  },
  "token_length_hist": {
    "2": 7,
    "4": 7,
    "6": 9,
    "10": 3,
    "8": 6,
    "1": 80,
    "15": 19,
    "3": 3,
    "5": 6,
    "7": 4,
    "9": 6,
    "11": 1,
    "24": 1,
    "12": 1,
    "69": 6,
    "74": 2,
    "73": 3,
    "71": 4,
    "38": 2,
    "72": 5,
    "70": 8,
    "16": 68,
    "60": 2,
    "67": 4,
    "33": 2,
    "43": 4,
    "29": 2,
    "68": 2,
    "62": 4,
    "63": 5,
    "41": 2,
    "65": 2,
    "66": 4,
    "58": 6,
    "46": 2,
    "64": 2,
    "61": 5,
    "51": 3,
    "55": 3,
    "57": 2
  }
}