{
  "folio": "F116V",
  "total_lines": 242,
  "total_tokens": 1872,
  "rel_counts": {
    "REL_OR": 12,
    "REL_AL": 13,
    "REL_Q": 2,
    "REL_OL": 3
  },
  "state_counts": {
    "STATE_Y": 54,
    "STATE_AIN": 1
  },
  "rel_freq": {
    "REL_OR": 0.00641025641025641,
    "REL_AL": 0.006944444444444444,
    "REL_Q": 0.0010683760683760685,
    "REL_OL": 0.0016025641025641025
  },
  "state_freq": {
    "STATE_Y": 0.028846153846153848,
    "STATE_AIN": 0.0005341880341880342
  },
  "token_length_hist": {
    "2": 228,
    "4": 280,
    "6": 148,
    "10": 40,
    "8": 81,
    "1": 324,
    "15": 3,
    "5": 204,
    "7": 115,
    "3": 319,
    "9": 68,
    "14": 4,
    "11": 29,
    "12": 14,
    "13": 7,
    "16": 1,
    "21": 1,
    "23": 1,
    "57": 1,
    "43": 1,
    "36": 1,
    "46": 1,
    "47": 1
  }
}