{
  "folio": "F16V",
  "total_lines": 95,
  "total_tokens": 267,
  "rel_counts": {
    "REL_AL": 1,
    "REL_Q": 4
  },
  "state_counts": {
    "STATE_Y": 4
  },
  "rel_freq": {
    "REL_AL": 0.003745318352059925,
    "REL_Q": 0.0149812734082397
  },
  "state_freq": {
    "STATE_Y": 0.0149812734082397
  },
  "token_length_hist": {
    "2": 22,
    "4": 13,
    "6": 22,
    "10": 5,
    "8": 10,
    "1": 65,
    "15": 16,
    "3": 22,
    "5": 10,
    "7": 9,
    "11": 2,
    "9": 6,
    "12": 1,
    "14": 28,
    "53": 3,
    "49": 3,
    "45": 6,
    "42": 9,
    "56": 3,
    "54": 6,
    "32": 3,
    "31": 3
  }
}