{
  "folio": "F17R",
  "total_lines": 133,
  "total_tokens": 517,
  "rel_counts": {
    "REL_Q": 2,
    "REL_AL": 2,
    "REL_OR": 2
  },
  "state_counts": {
    "STATE_Y": 22
  },
  "rel_freq": {
    "REL_Q": 0.0038684719535783366,
    "REL_AL": 0.0038684719535783366,
    "REL_OR": 0.0038684719535783366
  },
  "state_freq": {
    "STATE_Y": 0.0425531914893617
  },
  "token_length_hist": {
    "2": 52,
    "4": 49,
    "6": 37,
    "10": 12,
    "8": 21,
    "1": 97,
    "15": 15,
    "5": 32,
    "3": 66,
    "7": 29,
    "11": 3,
    "9": 12,
    "12": 3,
    "13": 3,
    "61": 1,
    "46": 1,
    "14": 36,
    "57": 4,
    "55": 4,
    "37": 8,
    "59": 4,
    "63": 4,
    "31": 8,
    "79": 1,
    "78": 3,
    "36": 4,
    "39": 4,
    "17": 4
  }
}