{
  "folio": "F19V",
  "total_lines": 108,
  "total_tokens": 278,
  "rel_counts": {
    "REL_Q": 12
  },
  "state_counts": {
    "STATE_Y": 6
  },
  "rel_freq": {
    "REL_Q": 0.04316546762589928
  },
  "state_freq": {
    "STATE_Y": 0.02158273381294964
  },
  "token_length_hist": {
    "2": 18,
    "4": 10,
    "6": 19,
    "10": 6,
    "8": 11,
    "1": 62,
    "15": 21,
    "3": 14,
    "5": 6,
    "7": 10,
    "11": 2,
    "9": 3,
    "12": 2,
    "13": 2,
    "14": 36,
    "49": 4,
    "47": 8,
    "45": 4,
    "40": 12,
    "38": 4,
    "22": 4,
    "44": 8,
    "42": 4,
    "50": 4,
    "23": 4
  }
}