{
  "folio": "F20R",
  "total_lines": 83,
  "total_tokens": 187,
  "rel_counts": {
    "REL_Q": 3
  },
  "state_counts": {
    "STATE_Y": 14,
    "STATE_AIIN": 7
  },
  "rel_freq": {
    "REL_Q": 0.016042780748663103
  },
  "state_freq": {
    "STATE_Y": 0.0748663101604278,
    "STATE_AIIN": 0.0374331550802139
  },
  "token_length_hist": {
    "2": 8,
    "4": 6,
    "6": 11,
    "10": 4,
    "8": 9,
    "1": 52,
    "15": 13,
    "3": 5,
    "5": 2,
    "7": 5,
    "11": 1,
    "9": 4,
    "12": 1,
    "14": 27,
    "48": 15,
    "50": 3,
    "26": 3,
    "46": 9,
    "25": 3,
    "52": 3,
    "32": 3
  }
}