{
  "folio": "F21R",
  "total_lines": 76,
  "total_tokens": 176,
  "rel_counts": {
    "REL_Q": 3
  },
  "state_counts": {
    "STATE_Y": 14,
    "STATE_AIIN": 9
  },
  "rel_freq": {
    "REL_Q": 0.017045454545454544
  },
  "state_freq": {
    "STATE_Y": 0.07954545454545454,
    "STATE_AIIN": 0.05113636363636364
  },
  "token_length_hist": {
    "2": 8,
    "4": 6,
    "6": 11,
    "10": 4,
    "8": 8,
    "1": 48,
    "15": 10,
    "3": 5,
    "5": 2,
    "7": 5,
    "11": 1,
    "9": 4,
    "12": 1,
    "14": 27,
    "52": 9,
    "55": 3,
    "46": 3,
    "54": 3,
    "38": 3,
    "51": 6,
    "48": 3,
    "50": 6
  }
}