{
  "folio": "F21V",
  "total_lines": 72,
  "total_tokens": 176,
  "rel_counts": {
    "REL_Q": 4
  },
  "state_counts": {
    "STATE_Y": 7,
    "STATE_AIIN": 4
  },
  "rel_freq": {
    "REL_Q": 0.022727272727272728
  },
  "state_freq": {
    "STATE_Y": 0.03977272727272727,
    "STATE_AIIN": 0.022727272727272728
  },
  "token_length_hist": {
    "2": 9,
    "4": 7,
    "6": 12,
    "10": 3,
    "8": 9,
    "1": 48,
    "15": 1,
    "3": 6,
    "5": 3,
    "7": 7,
    "11": 1,
    "9": 4,
    "12": 1,
    "13": 1,
    "14": 32,
    "50": 8,
    "52": 8,
    "46": 1,
    "48": 3,
    "51": 4,
    "47": 4,
    "19": 4
  }
}