{
  "folio": "F24V",
  "total_lines": 120,
  "total_tokens": 300,
  "rel_counts": {
    "REL_AL": 1,
    "REL_Q": 1,
    "REL_OL": 1
  },
  "state_counts": {
    "STATE_Y": 4
  },
  "rel_freq": {
    "REL_AL": 0.0033333333333333335,
    "REL_Q": 0.0033333333333333335,
    "REL_OL": 0.0033333333333333335
  },
  "state_freq": {
    "STATE_Y": 0.013333333333333334
  },
  "token_length_hist": {
    "2": 20,
    "4": 12,
    "6": 16,
    "10": 5,
    "8": 9,
    "1": 66,
    "15": 29,
    "3": 13,
    "5": 10,
    "7": 9,
    "11": 2,
    "9": 6,
    "16": 5,
    "12": 1,
    "13": 1,
    "14": 36,
    "67": 3,
    "68": 1,
    "57": 4,
    "47": 4,
    "43": 4,
    "32": 8,
    "31": 4,
    "34": 12,
    "33": 4,
    "38": 4,
    "45": 4,
    "49": 4,
    "36": 4
  }
}