{
  "folio": "F25R",
  "total_lines": 60,
  "total_tokens": 156,
  "rel_counts": {
    "REL_Q": 6
  },
  "state_counts": {
    "STATE_Y": 6,
    "STATE_AIN": 7,
    "STATE_AIIN": 6
  },
  "rel_freq": {
    "REL_Q": 0.038461538461538464
  },
  "state_freq": {
    "STATE_Y": 0.038461538461538464,
    "STATE_AIN": 0.04487179487179487,
    "STATE_AIIN": 0.038461538461538464
  },
  "token_length_hist": {
    "2": 12,
    "4": 7,
    "6": 13,
    "10": 5,
    "8": 10,
    "1": 48,
    "15": 1,
    "3": 4,
    "5": 3,
    "7": 5,
    "11": 1,
    "9": 3,
    "14": 22,
    "12": 1,
    "55": 3,
    "53": 3,
    "54": 3,
    "51": 6,
    "13": 3,
    "20": 3
  }
}