{
  "folio": "F28R",
  "total_lines": 64,
  "total_tokens": 155,
  "rel_counts": {
    "REL_Q": 6
  },
  "state_counts": {
    "STATE_Y": 14,
    "STATE_AIIN": 3
  },
  "rel_freq": {
    "REL_Q": 0.03870967741935484
  },
  "state_freq": {
    "STATE_Y": 0.09032258064516129,
    "STATE_AIIN": 0.01935483870967742
  },
  "token_length_hist": {
    "2": 9,
    "4": 6,
    "6": 11,
    "10": 4,
    "8": 8,
    "1": 45,
    "15": 1,
    "3": 4,
    "5": 2,
    "7": 6,
    "11": 1,
    "9": 3,
    "12": 1,
    "14": 27,
    "62": 3,
    "61": 3,
    "57": 3,
    "56": 9,
    "58": 3,
    "59": 3,
    "27": 3
  }
}