{
  "folio": "F2V",
  "total_lines": 106,
  "total_tokens": 414,
  "rel_counts": {
    "REL_OR": 3,
    "REL_AL": 2,
    "REL_Q": 2
  },
  "state_counts": {
    "STATE_Y": 14,
    "STATE_AIN": 1,
    "STATE_AIIN": 18
  },
  "rel_freq": {
    "REL_OR": 0.007246376811594203,
    "REL_AL": 0.004830917874396135,
    "REL_Q": 0.004830917874396135
  },
  "state_freq": {
    "STATE_Y": 0.033816425120772944,
    "STATE_AIN": 0.0024154589371980675,
    "STATE_AIIN": 0.043478260869565216
  },
  "token_length_hist": {
    "2": 28,
    "4": 35,
    "6": 32,
    "10": 6,
    "8": 30,
    "1": 87,
    "15": 1,
    "5": 42,
    "3": 36,
    "7": 22,
    "11": 10,
    "9": 10,
    "12": 1,
    "13": 36,
    "14": 1,
    "16": 1,
    "56": 10,
    "58": 10,
    "57": 4,
    "27": 4,
    "60": 4,
    "43": 4
  }
}