{
  "folio": "F31V",
  "total_lines": 73,
  "total_tokens": 167,
  "rel_counts": {
    "REL_OL": 3
  },
  "state_counts": {
    "STATE_Y": 10,
    "STATE_AIN": 3
  },
  "rel_freq": {
    "REL_OL": 0.017964071856287425
  },
  "state_freq": {
    "STATE_Y": 0.059880239520958084,
    "STATE_AIN": 0.017964071856287425
  },
  "token_length_hist": {
    "2": 8,
    "4": 6,
    "6": 10,
    "10": 3,
    "8": 8,
    "1": 49,
    "15": 7,
    "3": 4,
    "5": 3,
    "7": 5,
    "11": 1,
    "9": 4,
    "12": 1,
    "14": 26,
    "62": 3,
    "59": 3,
    "61": 5,
    "60": 3,
    "23": 3,
    "68": 3,
    "64": 3,
    "69": 3,
    "65": 3,
    "49": 3
  }
}