{
  "folio": "F32R",
  "total_lines": 107,
  "total_tokens": 229,
  "rel_counts": {
    "REL_Q": 12
  },
  "state_counts": {
    "STATE_Y": 8,
    "STATE_AIIN": 3
  },
  "rel_freq": {
    "REL_Q": 0.05240174672489083
  },
  "state_freq": {
    "STATE_Y": 0.034934497816593885,
    "STATE_AIIN": 0.013100436681222707
  },
  "token_length_hist": {
    "2": 9,
    "4": 6,
    "6": 11,
    "10": 4,
    "8": 9,
    "1": 58,
    "15": 31,
    "3": 4,
    "5": 2,
    "7": 5,
    "11": 1,
    "9": 4,
    "12": 1,
    "14": 27,
    "57": 3,
    "52": 3,
    "53": 3,
    "46": 3,
    "22": 3,
    "16": 3,
    "27": 10,
    "25": 14,
    "24": 6,
    "37": 3,
    "36": 3,
    "32": 3
  }
}