{
  "folio": "F33V",
  "total_lines": 87,
  "total_tokens": 213,
  "rel_counts": {},
  "state_counts": {
    "STATE_Y": 19,
    "STATE_AIIN": 1
  },
  "rel_freq": {},
  "state_freq": {
    "STATE_Y": 0.0892018779342723,
    "STATE_AIIN": 0.004694835680751174
  },
  "token_length_hist": {
    "2": 10,
    "4": 8,
    "6": 15,
    "10": 4,
    "8": 8,
    "1": 53,
    "15": 9,
    "3": 8,
    "5": 2,
    "7": 7,
    "9": 4,
    "14": 38,
    "11": 1,
    "12": 1,
    "13": 1,
    "67": 8,
    "76": 4,
    "78": 4,
    "83": 4,
    "91": 4,
    "87": 4,
    "86": 4,
    "82": 4,
    "51": 4,
    "19": 4
  }
}