{
  "folio": "F34R",
  "total_lines": 100,
  "total_tokens": 306,
  "rel_counts": {
    "REL_AL": 2,
    "REL_OR": 4,
    "REL_Q": 12
  },
  "state_counts": {
    "STATE_Y": 16,
    "STATE_AIIN": 6
  },
  "rel_freq": {
    "REL_AL": 0.006535947712418301,
    "REL_OR": 0.013071895424836602,
    "REL_Q": 0.0392156862745098
  },
  "state_freq": {
    "STATE_Y": 0.05228758169934641,
    "STATE_AIIN": 0.0196078431372549
  },
  "token_length_hist": {
    "2": 21,
    "4": 23,
    "6": 17,
    "10": 3,
    "8": 11,
    "1": 70,
    "15": 19,
    "3": 24,
    "5": 17,
    "7": 10,
    "14": 29,
    "11": 4,
    "9": 10,
    "20": 1,
    "12": 2,
    "63": 3,
    "61": 3,
    "68": 6,
    "83": 3,
    "79": 3,
    "80": 3,
    "88": 3,
    "81": 3,
    "106": 1,
    "105": 2,
    "46": 3,
    "72": 3,
    "73": 3,
    "70": 3,
    "69": 3
  }
}