{
  "folio": "F34V",
  "total_lines": 85,
  "total_tokens": 201,
  "rel_counts": {
    "REL_OL": 3
  },
  "state_counts": {
    "STATE_Y": 3,
    "STATE_AIIN": 4,
    "STATE_AIN": 6
  },
  "rel_freq": {
    "REL_OL": 0.014925373134328358
  },
  "state_freq": {
    "STATE_Y": 0.014925373134328358,
    "STATE_AIIN": 0.01990049751243781,
    "STATE_AIN": 0.029850746268656716
  },
  "token_length_hist": {
    "2": 10,
    "4": 7,
    "6": 13,
    "10": 4,
    "8": 8,
    "1": 50,
    "15": 9,
    "3": 5,
    "5": 2,
    "7": 6,
    "11": 2,
    "9": 3,
    "12": 1,
    "13": 1,
    "14": 36,
    "74": 4,
    "67": 8,
    "70": 4,
    "69": 8,
    "64": 4,
    "62": 4,
    "66": 8,
    "35": 4
  }
}