{
  "folio": "F35R",
  "total_lines": 88,
  "total_tokens": 197,
  "rel_counts": {
    "REL_Q": 12,
    "REL_OL": 3
  },
  "state_counts": {
    "STATE_Y": 2,
    "STATE_AIIN": 9
  },
  "rel_freq": {
    "REL_Q": 0.06091370558375635,
    "REL_OL": 0.015228426395939087
  },
  "state_freq": {
    "STATE_Y": 0.01015228426395939,
    "STATE_AIIN": 0.04568527918781726
  },
  "token_length_hist": {
    "2": 8,
    "4": 6,
    "6": 11,
    "10": 4,
    "8": 8,
    "1": 52,
    "15": 20,
    "3": 4,
    "5": 2,
    "7": 5,
    "11": 1,
    "9": 3,
    "12": 1,
    "14": 27,
    "43": 3,
    "42": 3,
    "45": 3,
    "50": 6,
    "49": 3,
    "34": 3,
    "31": 3,
    "32": 3,
    "48": 3,
    "62": 3,
    "58": 9,
    "28": 3
  }
}