{
  "folio": "F35V",
  "total_lines": 112,
  "total_tokens": 239,
  "rel_counts": {
    "REL_Q": 9,
    "REL_OL": 3
  },
  "state_counts": {
    "STATE_Y": 2,
    "STATE_AIIN": 6
  },
  "rel_freq": {
    "REL_Q": 0.03765690376569038,
    "REL_OL": 0.012552301255230125
  },
  "state_freq": {
    "STATE_Y": 0.008368200836820083,
    "STATE_AIIN": 0.02510460251046025
  },
  "token_length_hist": {
    "2": 8,
    "4": 6,
    "6": 11,
    "10": 4,
    "8": 8,
    "1": 58,
    "15": 37,
    "3": 4,
    "5": 2,
    "7": 5,
    "11": 1,
    "9": 4,
    "12": 1,
    "14": 27,
    "37": 3,
    "34": 12,
    "33": 6,
    "35": 3,
    "42": 6,
    "38": 3,
    "31": 9,
    "36": 6,
    "30": 3,
    "32": 3,
    "29": 3,
    "24": 3,
    "18": 3
  }
}