{
  "folio": "F36R",
  "total_lines": 63,
  "total_tokens": 151,
  "rel_counts": {
    "REL_OR": 3,
    "REL_Q": 6
  },
  "state_counts": {
    "STATE_Y": 2
  },
  "rel_freq": {
    "REL_OR": 0.019867549668874173,
    "REL_Q": 0.039735099337748346
  },
  "state_freq": {
    "STATE_Y": 0.013245033112582781
  },
  "token_length_hist": {
    "2": 7,
    "4": 6,
    "6": 10,
    "10": 3,
    "8": 8,
    "1": 45,
    "15": 1,
    "3": 4,
    "5": 2,
    "7": 5,
    "11": 1,
    "9": 3,
    "14": 28,
    "12": 1,
    "52": 3,
    "48": 3,
    "35": 3,
    "68": 3,
    "87": 3,
    "54": 3,
    "58": 3,
    "33": 3,
    "22": 3
  }
}