{
  "folio": "F37R",
  "total_lines": 85,
  "total_tokens": 201,
  "rel_counts": {
    "REL_Q": 8
  },
  "state_counts": {
    "STATE_Y": 3,
    "STATE_AIIN": 12
  },
  "rel_freq": {
    "REL_Q": 0.03980099502487562
  },
  "state_freq": {
    "STATE_Y": 0.014925373134328358,
    "STATE_AIIN": 0.05970149253731343
  },
  "token_length_hist": {
    "2": 10,
    "4": 7,
    "6": 13,
    "10": 4,
    "8": 8,
    "1": 50,
    "15": 9,
    "3": 5,
    "5": 2,
    "7": 6,
    "11": 1,
    "9": 3,
    "13": 2,
    "12": 1,
    "14": 36,
    "51": 8,
    "39": 4,
    "48": 7,
    "49": 1,
    "42": 4,
    "27": 4,
    "57": 4,
    "62": 4,
    "60": 3,
    "68": 1,
    "40": 4
  }
}