{
  "folio": "F37V",
  "total_lines": 118,
  "total_tokens": 249,
  "rel_counts": {
    "REL_Q": 18
  },
  "state_counts": {
    "STATE_Y": 5,
    "STATE_AIIN": 3
  },
  "rel_freq": {
    "REL_Q": 0.07228915662650602
  },
  "state_freq": {
    "STATE_Y": 0.020080321285140562,
    "STATE_AIIN": 0.012048192771084338
  },
  "token_length_hist": {
    "2": 8,
    "4": 6,
    "6": 11,
    "10": 4,
    "8": 8,
    "1": 60,
    "15": 41,
    "3": 4,
    "5": 2,
    "7": 5,
    "11": 5,
    "9": 3,
    "12": 1,
    "14": 27,
    "45": 3,
    "42": 3,
    "36": 6,
    "35": 13,
    "34": 6,
    "33": 5,
    "16": 3,
    "37": 11,
    "25": 3,
    "39": 1,
    "31": 3,
    "38": 1,
    "21": 3,
    "17": 3
  }
}