{
  "folio": "F3R",
  "total_lines": 133,
  "total_tokens": 424,
  "rel_counts": {
    "REL_AL": 2,
    "REL_Q": 6
  },
  "state_counts": {
    "STATE_Y": 14,
    "STATE_AIN": 1
  },
  "rel_freq": {
    "REL_AL": 0.0047169811320754715,
    "REL_Q": 0.014150943396226415
  },
  "state_freq": {
    "STATE_Y": 0.0330188679245283,
    "STATE_AIN": 0.0023584905660377358
  },
  "token_length_hist": {
    "2": 18,
    "4": 34,
    "6": 28,
    "10": 6,
    "8": 17,
    "1": 86,
    "15": 1,
    "3": 41,
    "5": 33,
    "7": 19,
    "11": 4,
    "9": 9,
    "12": 3,
    "13": 29,
    "14": 34,
    "16": 1,
    "29": 3,
    "39": 6,
    "40": 10,
    "37": 3,
    "36": 6,
    "38": 3,
    "18": 3,
    "27": 6,
    "43": 3,
    "48": 3,
    "58": 3,
    "60": 3,
    "61": 6,
    "52": 3
  }
}