{
  "folio": "F40R",
  "total_lines": 72,
  "total_tokens": 169,
  "rel_counts": {
    "REL_Q": 3,
    "REL_OR": 3
  },
  "state_counts": {
    "STATE_Y": 5,
    "STATE_AIIN": 6
  },
  "rel_freq": {
    "REL_Q": 0.01775147928994083,
    "REL_OR": 0.01775147928994083
  },
  "state_freq": {
    "STATE_Y": 0.029585798816568046,
    "STATE_AIIN": 0.03550295857988166
  },
  "token_length_hist": {
    "2": 8,
    "4": 6,
    "6": 11,
    "10": 4,
    "8": 8,
    "1": 48,
    "15": 7,
    "3": 4,
    "5": 2,
    "7": 5,
    "11": 1,
    "9": 3,
    "16": 1,
    "12": 1,
    "14": 27,
    "70": 3,
    "66": 3,
    "64": 3,
    "61": 6,
    "60": 6,
    "38": 3,
    "63": 3,
    "65": 3,
    "30": 3
  }
}