{
  "folio": "F40V",
  "total_lines": 120,
  "total_tokens": 314,
  "rel_counts": {
    "REL_AL": 1,
    "REL_Q": 7
  },
  "state_counts": {
    "STATE_Y": 14,
    "STATE_AIN": 3
  },
  "rel_freq": {
    "REL_AL": 0.0031847133757961785,
    "REL_Q": 0.022292993630573247
  },
  "state_freq": {
    "STATE_Y": 0.044585987261146494,
    "STATE_AIN": 0.009554140127388535
  },
  "token_length_hist": {
    "2": 21,
    "4": 17,
    "6": 17,
    "10": 7,
    "8": 13,
    "1": 80,
    "15": 31,
    "3": 14,
    "5": 11,
    "7": 9,
    "11": 3,
    "9": 5,
    "12": 1,
    "13": 1,
    "14": 27,
    "33": 6,
    "32": 9,
    "34": 3,
    "36": 9,
    "35": 3,
    "41": 6,
    "25": 3,
    "56": 6,
    "61": 3,
    "58": 3,
    "57": 3,
    "59": 3
  }
}