{
  "folio": "F43R",
  "total_lines": 109,
  "total_tokens": 243,
  "rel_counts": {},
  "state_counts": {
    "STATE_Y": 13,
    "STATE_AIIN": 3
  },
  "rel_freq": {},
  "state_freq": {
    "STATE_Y": 0.053497942386831275,
    "STATE_AIIN": 0.012345679012345678
  },
  "token_length_hist": {
    "2": 10,
    "4": 7,
    "6": 12,
    "10": 3,
    "8": 8,
    "1": 53,
    "15": 23,
    "3": 5,
    "5": 2,
    "7": 6,
    "11": 1,
    "9": 4,
    "12": 2,
    "13": 1,
    "14": 42,
    "69": 9,
    "68": 4,
    "67": 5,
    "66": 5,
    "41": 5,
    "72": 9,
    "74": 5,
    "32": 4,
    "75": 5,
    "78": 4,
    "76": 5,
    "53": 4
  }
}