{
  "folio": "F44R",
  "total_lines": 80,
  "total_tokens": 182,
  "rel_counts": {
    "REL_Q": 8
  },
  "state_counts": {
    "STATE_Y": 2
  },
  "rel_freq": {
    "REL_Q": 0.04395604395604396
  },
  "state_freq": {
    "STATE_Y": 0.01098901098901099
  },
  "token_length_hist": {
    "2": 8,
    "4": 6,
    "6": 10,
    "10": 3,
    "8": 8,
    "1": 48,
    "15": 8,
    "3": 4,
    "5": 2,
    "7": 5,
    "11": 2,
    "9": 4,
    "12": 1,
    "14": 33,
    "55": 8,
    "53": 4,
    "54": 6,
    "31": 3,
    "58": 8,
    "56": 4,
    "42": 4,
    "23": 3
  }
}