{
  "folio": "F45R",
  "total_lines": 77,
  "total_tokens": 176,
  "rel_counts": {
    "REL_Q": 3
  },
  "state_counts": {
    "STATE_Y": 9,
    "STATE_AIIN": 3
  },
  "rel_freq": {
    "REL_Q": 0.017045454545454544
  },
  "state_freq": {
    "STATE_Y": 0.05113636363636364,
    "STATE_AIIN": 0.017045454545454544
  },
  "token_length_hist": {
    "2": 8,
    "4": 6,
    "6": 10,
    "10": 3,
    "8": 8,
    "1": 48,
    "15": 8,
    "3": 4,
    "5": 2,
    "7": 5,
    "11": 1,
    "9": 4,
    "14": 31,
    "12": 1,
    "54": 6,
    "52": 7,
    "30": 3,
    "49": 3,
    "22": 3,
    "51": 4,
    "48": 4,
    "46": 3,
    "35": 4
  }
}