{
  "folio": "F45V",
  "total_lines": 81,
  "total_tokens": 185,
  "rel_counts": {
    "REL_Q": 8,
    "REL_OR": 3
  },
  "state_counts": {
    "STATE_Y": 2
  },
  "rel_freq": {
    "REL_Q": 0.043243243243243246,
    "REL_OR": 0.016216216216216217
  },
  "state_freq": {
    "STATE_Y": 0.010810810810810811
  },
  "token_length_hist": {
    "2": 9,
    "4": 6,
    "6": 11,
    "10": 4,
    "8": 8,
    "1": 50,
    "15": 7,
    "3": 4,
    "5": 2,
    "7": 5,
    "11": 2,
    "9": 4,
    "12": 1,
    "14": 33,
    "58": 4,
    "61": 11,
    "36": 4,
    "69": 4,
    "45": 3,
    "57": 4,
    "55": 3,
    "53": 3,
    "38": 3
  }
}