{
  "folio": "F46R",
  "total_lines": 101,
  "total_tokens": 220,
  "rel_counts": {
    "REL_Q": 3
  },
  "state_counts": {
    "STATE_Y": 22,
    "STATE_AIIN": 4
  },
  "rel_freq": {
    "REL_Q": 0.013636363636363636
  },
  "state_freq": {
    "STATE_Y": 0.1,
    "STATE_AIIN": 0.01818181818181818
  },
  "token_length_hist": {
    "2": 8,
    "4": 6,
    "6": 10,
    "10": 3,
    "8": 8,
    "1": 52,
    "15": 24,
    "3": 4,
    "5": 2,
    "7": 5,
    "11": 1,
    "9": 5,
    "12": 1,
    "14": 34,
    "79": 4,
    "78": 4,
    "71": 4,
    "70": 4,
    "64": 3,
    "76": 4,
    "74": 8,
    "60": 3,
    "53": 8,
    "77": 4,
    "68": 4,
    "41": 4,
    "25": 3
  }
}