{
  "folio": "F47V",
  "total_lines": 91,
  "total_tokens": 203,
  "rel_counts": {
    "REL_Q": 6
  },
  "state_counts": {
    "STATE_Y": 14,
    "STATE_AIIN": 8
  },
  "rel_freq": {
    "REL_Q": 0.029556650246305417
  },
  "state_freq": {
    "STATE_Y": 0.06896551724137931,
    "STATE_AIIN": 0.03940886699507389
  },
  "token_length_hist": {
    "2": 9,
    "4": 6,
    "6": 11,
    "10": 4,
    "8": 8,
    "1": 52,
    "15": 23,
    "3": 4,
    "5": 3,
    "7": 5,
    "11": 1,
    "9": 4,
    "12": 1,
    "14": 28,
    "58": 3,
    "51": 4,
    "49": 7,
    "46": 3,
    "43": 3,
    "52": 3,
    "31": 3,
    "36": 3,
    "41": 3,
    "55": 4,
    "53": 3,
    "50": 5
  }
}