{
  "folio": "F49R",
  "total_lines": 158,
  "total_tokens": 550,
  "rel_counts": {
    "REL_AL": 3,
    "REL_OR": 1,
    "REL_Q": 14,
    "REL_OL": 6
  },
  "state_counts": {
    "STATE_Y": 17,
    "STATE_AIIN": 6
  },
  "rel_freq": {
    "REL_AL": 0.005454545454545455,
    "REL_OR": 0.0018181818181818182,
    "REL_Q": 0.025454545454545455,
    "REL_OL": 0.01090909090909091
  },
  "state_freq": {
    "STATE_Y": 0.03090909090909091,
    "STATE_AIIN": 0.01090909090909091
  },
  "token_length_hist": {
    "2": 30,
    "4": 40,
    "6": 40,
    "10": 8,
    "8": 30,
    "1": 108,
    "15": 40,
    "5": 41,
    "3": 58,
    "7": 33,
    "9": 17,
    "11": 3,
    "21": 1,
    "12": 1,
    "16": 1,
    "14": 31,
    "55": 4,
    "45": 5,
    "58": 4,
    "36": 4,
    "37": 6,
    "30": 3,
    "26": 6,
    "40": 4,
    "18": 3,
    "41": 3,
    "46": 1,
    "49": 4,
    "48": 2,
    "43": 3,
    "32": 1,
    "31": 2,
    "38": 3,
    "50": 3,
    "33": 3,
    "22": 4
  }
}