{
  "folio": "F50V",
  "total_lines": 81,
  "total_tokens": 186,
  "rel_counts": {},
  "state_counts": {
    "STATE_Y": 9,
    "STATE_AIIN": 1
  },
  "rel_freq": {},
  "state_freq": {
    "STATE_Y": 0.04838709677419355,
    "STATE_AIIN": 0.005376344086021506
  },
  "token_length_hist": {
    "2": 7,
    "4": 6,
    "6": 11,
    "10": 5,
    "8": 8,
    "1": 49,
    "15": 8,
    "3": 6,
    "5": 2,
    "7": 5,
    "11": 1,
    "9": 4,
    "12": 1,
    "14": 33,
    "61": 14,
    "63": 8,
    "59": 7,
    "60": 4,
    "57": 4,
    "24": 3
  }
}