{
  "folio": "F51R",
  "total_lines": 94,
  "total_tokens": 208,
  "rel_counts": {
    "REL_Q": 3
  },
  "state_counts": {
    "STATE_Y": 2
  },
  "rel_freq": {
    "REL_Q": 0.014423076923076924
  },
  "state_freq": {
    "STATE_Y": 0.009615384615384616
  },
  "token_length_hist": {
    "2": 7,
    "4": 6,
    "6": 11,
    "10": 4,
    "8": 8,
    "1": 53,
    "15": 22,
    "3": 6,
    "5": 2,
    "7": 5,
    "11": 1,
    "9": 4,
    "22": 1,
    "12": 1,
    "14": 28,
    "44": 3,
    "42": 7,
    "43": 7,
    "46": 4,
    "47": 5,
    "49": 6,
    "38": 3,
    "56": 4,
    "57": 4,
    "83": 3,
    "53": 3
  }
}