{
  "folio": "F51V",
  "total_lines": 88,
  "total_tokens": 198,
  "rel_counts": {
    "REL_Q": 3,
    "REL_OL": 4
  },
  "state_counts": {
    "STATE_Y": 15,
    "STATE_AIIN": 3
  },
  "rel_freq": {
    "REL_Q": 0.015151515151515152,
    "REL_OL": 0.020202020202020204
  },
  "state_freq": {
    "STATE_Y": 0.07575757575757576,
    "STATE_AIIN": 0.015151515151515152
  },
  "token_length_hist": {
    "2": 7,
    "4": 6,
    "6": 11,
    "10": 4,
    "8": 8,
    "1": 51,
    "15": 15,
    "3": 6,
    "5": 2,
    "7": 5,
    "11": 1,
    "9": 4,
    "17": 1,
    "12": 1,
    "14": 31,
    "57": 3,
    "59": 4,
    "58": 7,
    "61": 6,
    "63": 3,
    "54": 1,
    "52": 3,
    "37": 4,
    "33": 3,
    "35": 4,
    "34": 3,
    "24": 4
  }
}