{
  "folio": "F52R",
  "total_lines": 68,
  "total_tokens": 161,
  "rel_counts": {
    "REL_Q": 4,
    "REL_OR": 4
  },
  "state_counts": {
    "STATE_Y": 12
  },
  "rel_freq": {
    "REL_Q": 0.024844720496894408,
    "REL_OR": 0.024844720496894408
  },
  "state_freq": {
    "STATE_Y": 0.07453416149068323
  },
  "token_length_hist": {
    "2": 7,
    "4": 6,
    "6": 10,
    "10": 3,
    "8": 8,
    "1": 45,
    "15": 1,
    "3": 5,
    "5": 2,
    "7": 5,
    "11": 1,
    "9": 4,
    "16": 1,
    "12": 1,
    "14": 31,
    "60": 4,
    "59": 8,
    "56": 7,
    "55": 4,
    "65": 4,
    "51": 4
  }
}