{
  "folio": "F53R",
  "total_lines": 71,
  "total_tokens": 168,
  "rel_counts": {
    "REL_Q": 4
  },
  "state_counts": {
    "STATE_Y": 9
  },
  "rel_freq": {
    "REL_Q": 0.023809523809523808
  },
  "state_freq": {
    "STATE_Y": 0.05357142857142857
  },
  "token_length_hist": {
    "2": 7,
    "4": 6,
    "6": 11,
    "10": 4,
    "8": 8,
    "1": 47,
    "15": 1,
    "3": 6,
    "5": 2,
    "7": 5,
    "11": 1,
    "9": 4,
    "13": 1,
    "12": 1,
    "14": 32,
    "30": 3,
    "34": 4,
    "28": 3,
    "37": 3,
    "60": 7,
    "63": 4,
    "62": 1,
    "61": 3,
    "46": 4
  }
}