{
  "folio": "F54R",
  "total_lines": 78,
  "total_tokens": 179,
  "rel_counts": {},
  "state_counts": {
    "STATE_Y": 5,
    "STATE_AIIN": 3
  },
  "rel_freq": {},
  "state_freq": {
    "STATE_Y": 0.027932960893854747,
    "STATE_AIIN": 0.01675977653631285
  },
  "token_length_hist": {
    "2": 7,
    "4": 6,
    "6": 11,
    "10": 4,
    "8": 8,
    "1": 50,
    "15": 10,
    "3": 6,
    "5": 2,
    "7": 5,
    "11": 1,
    "9": 4,
    "13": 1,
    "12": 1,
    "14": 27,
    "68": 3,
    "67": 6,
    "75": 3,
    "26": 3,
    "63": 6,
    "65": 3,
    "58": 3,
    "62": 3,
    "64": 3,
    "51": 3
  }
}