{
  "folio": "F55V",
  "total_lines": 77,
  "total_tokens": 175,
  "rel_counts": {
    "REL_Q": 6
  },
  "state_counts": {
    "STATE_Y": 14,
    "STATE_AIIN": 1
  },
  "rel_freq": {
    "REL_Q": 0.03428571428571429
  },
  "state_freq": {
    "STATE_Y": 0.08,
    "STATE_AIIN": 0.005714285714285714
  },
  "token_length_hist": {
    "2": 7,
    "4": 6,
    "6": 10,
    "10": 3,
    "8": 8,
    "1": 49,
    "15": 10,
    "3": 5,
    "5": 2,
    "7": 5,
    "11": 1,
    "9": 4,
    "14": 28,
    "12": 1,
    "52": 3,
    "50": 3,
    "58": 6,
    "60": 3,
    "57": 3,
    "43": 3,
    "64": 3,
    "67": 3,
    "62": 3,
    "61": 3,
    "65": 3
  }
}