{
  "folio": "F57R",
  "total_lines": 73,
  "total_tokens": 168,
  "rel_counts": {
    "REL_Q": 9
  },
  "state_counts": {
    "STATE_Y": 14
  },
  "rel_freq": {
    "REL_Q": 0.05357142857142857
  },
  "state_freq": {
    "STATE_Y": 0.08333333333333333
  },
  "token_length_hist": {
    "2": 7,
    "4": 7,
    "6": 10,
    "10": 4,
    "8": 8,
    "1": 48,
    "15": 7,
    "3": 4,
    "5": 2,
    "7": 5,
    "11": 1,
    "9": 4,
    "12": 1,
    "14": 27,
    "62": 3,
    "63": 12,
    "25": 3,
    "60": 6,
    "61": 3,
    "70": 3,
    "32": 3
  }
}