{
  "folio": "F58R",
  "total_lines": 164,
  "total_tokens": 405,
  "rel_counts": {
    "REL_OR": 1,
    "REL_Q": 4
  },
  "state_counts": {
    "STATE_Y": 26
  },
  "rel_freq": {
    "REL_OR": 0.0024691358024691358,
    "REL_Q": 0.009876543209876543
  },
  "state_freq": {
    "STATE_Y": 0.06419753086419754
  },
  "token_length_hist": {
    "2": 15,
    "4": 27,
    "6": 18,
    "10": 6,
    "8": 13,
    "1": 92,
    "15": 65,
    "3": 22,
    "5": 27,
    "7": 8,
    "11": 1,
    "9": 6,
    "13": 3,
    "12": 1,
    "16": 1,
    "14": 18,
    "64": 2,
    "60": 8,
    "57": 12,
    "56": 6,
    "54": 6,
    "61": 6,
    "58": 4,
    "59": 4,
    "52": 8,
    "37": 2,
    "65": 2,
    "62": 8,
    "43": 2,
    "63": 2,
    "51": 4,
    "49": 2,
    "53": 2,
    "38": 2
  }
}