{
  "folio": "F5R",
  "total_lines": 79,
  "total_tokens": 330,
  "rel_counts": {
    "REL_AL": 1,
    "REL_Q": 6
  },
  "state_counts": {
    "STATE_Y": 20,
    "STATE_AIIN": 3
  },
  "rel_freq": {
    "REL_AL": 0.0030303030303030303,
    "REL_Q": 0.01818181818181818
  },
  "state_freq": {
    "STATE_Y": 0.06060606060606061,
    "STATE_AIIN": 0.00909090909090909
  },
  "token_length_hist": {
    "2": 21,
    "4": 32,
    "6": 26,
    "10": 9,
    "8": 16,
    "1": 73,
    "15": 2,
    "3": 36,
    "5": 27,
    "7": 24,
    "11": 5,
    "9": 10,
    "12": 2,
    "13": 24,
    "14": 1,
    "16": 1,
    "48": 3,
    "51": 3,
    "53": 3,
    "36": 3,
    "52": 6,
    "31": 3
  }
}