{
  "folio": "F65R",
  "total_lines": 35,
  "total_tokens": 138,
  "rel_counts": {
    "REL_AL": 1
  },
  "state_counts": {
    "STATE_Y": 3
  },
  "rel_freq": {
    "REL_AL": 0.007246376811594203
  },
  "state_freq": {
    "STATE_Y": 0.021739130434782608
  },
  "token_length_hist": {
    "2": 15,
    "4": 14,
    "6": 16,
    "10": 5,
    "8": 8,
    "1": 43,
    "15": 1,
    "3": 13,
    "5": 8,
    "7": 6,
    "11": 2,
    "9": 2,
    "12": 1,
    "14": 4
  }
}