{
  "folio": "F66V",
  "total_lines": 113,
  "total_tokens": 506,
  "rel_counts": {
    "REL_AL": 3,
    "REL_OL": 1,
    "REL_Q": 5
  },
  "state_counts": {
    "STATE_Y": 27
  },
  "rel_freq": {
    "REL_AL": 0.005928853754940711,
    "REL_OL": 0.001976284584980237,
    "REL_Q": 0.009881422924901186
  },
  "state_freq": {
    "STATE_Y": 0.0533596837944664
  },
  "token_length_hist": {
    "2": 41,
    "4": 60,
    "6": 41,
    "10": 11,
    "8": 24,
    "1": 105,
    "15": 9,
    "3": 62,
    "5": 54,
    "7": 25,
    "11": 7,
    "9": 13,
    "17": 1,
    "12": 5,
    "14": 20,
    "13": 2,
    "53": 4,
    "57": 4,
    "58": 6,
    "34": 2,
    "56": 6,
    "54": 2,
    "64": 2
  }
}