{
  "folio": "F67R2",
  "total_lines": 544,
  "total_tokens": 1902,
  "rel_counts": {
    "REL_OR": 12,
    "REL_AL": 2,
    "REL_Q": 6
  },
  "state_counts": {
    "STATE_Y": 90,
    "STATE_AIIN": 13,
    "STATE_AIN": 5
  },
  "rel_freq": {
    "REL_OR": 0.006309148264984227,
    "REL_AL": 0.0010515247108307045,
    "REL_Q": 0.0031545741324921135
  },
  "state_freq": {
    "STATE_Y": 0.0473186119873817,
    "STATE_AIIN": 0.006834910620399579,
    "STATE_AIN": 0.0026288117770767614
  },
  "token_length_hist": {
    "2": 173,
    "4": 164,
    "6": 143,
    "10": 27,
    "8": 84,
    "1": 360,
    "15": 41,
    "5": 214,
    "3": 161,
    "7": 86,
    "9": 71,
    "11": 11,
    "12": 21,
    "21": 4,
    "13": 27,
    "20": 6,
    "14": 4,
    "16": 218,
    "24": 6,
    "23": 3,
    "32": 1,
    "18": 10,
    "30": 4,
    "19": 8,
    "28": 5,
    "27": 8,
    "33": 2,
    "22": 5,
    "26": 2,
    "31": 1,
    "34": 1,
    "17": 8,
    "29": 4,
    "25": 4,
    "88": 4,
    "81": 1,
    "75": 4,
    "68": 1,
    "90": 4,
    "80": 1
  }
}