{
  "folio": "F68R3",
  "total_lines": 203,
  "total_tokens": 777,
  "rel_counts": {
    "REL_AL": 1,
    "REL_OL": 1,
    "REL_Q": 3
  },
  "state_counts": {
    "STATE_Y": 47,
    "STATE_AIN": 1
  },
  "rel_freq": {
    "REL_AL": 0.001287001287001287,
    "REL_OL": 0.001287001287001287,
    "REL_Q": 0.003861003861003861
  },
  "state_freq": {
    "STATE_Y": 0.06048906048906049,
    "STATE_AIN": 0.001287001287001287
  },
  "token_length_hist": {
    "2": 83,
    "4": 69,
    "6": 65,
    "10": 12,
    "8": 29,
    "1": 162,
    "15": 31,
    "9": 37,
    "5": 92,
    "3": 58,
    "7": 41,
    "11": 8,
    "12": 5,
    "13": 12,
    "17": 1,
    "300": 3,
    "32": 6,
    "33": 6,
    "40": 3,
    "45": 3,
    "41": 3,
    "37": 3,
    "16": 39,
    "14": 3,
    "58": 3
  }
}