{
  "folio": "F68R2",
  "total_lines": 270,
  "total_tokens": 876,
  "rel_counts": {
    "REL_AL": 1,
    "REL_OR": 1,
    "REL_OL": 4
  },
  "state_counts": {
    "STATE_Y": 62,
    "STATE_AIIN": 3
  },
  "rel_freq": {
    "REL_AL": 0.001141552511415525,
    "REL_OR": 0.001141552511415525,
    "REL_OL": 0.0045662100456621
  },
  "state_freq": {
    "STATE_Y": 0.07077625570776255,
    "STATE_AIIN": 0.003424657534246575
  },
  "token_length_hist": {
    "2": 83,
    "4": 76,
    "6": 83,
    "10": 15,
    "8": 61,
    "1": 171,
    "15": 40,
    "5": 72,
    "3": 64,
    "7": 33,
    "16": 90,
    "11": 9,
    "9": 30,
    "12": 3,
    "35": 1,
    "13": 16,
    "60": 4,
    "55": 4,
    "50": 8,
    "57": 4,
    "46": 4,
    "14": 1,
    "56": 3,
    "65": 1
  }
}