{
  "folio": "F68V2",
  "total_lines": 209,
  "total_tokens": 886,
  "rel_counts": {
    "REL_AL": 2,
    "REL_OR": 5,
    "REL_Q": 3
  },
  "state_counts": {
    "STATE_Y": 83,
    "STATE_AIN": 2,
    "STATE_AIIN": 8
  },
  "rel_freq": {
    "REL_AL": 0.002257336343115124,
    "REL_OR": 0.0056433408577878106,
    "REL_Q": 0.003386004514672686
  },
  "state_freq": {
    "STATE_Y": 0.09367945823927765,
    "STATE_AIN": 0.002257336343115124,
    "STATE_AIIN": 0.009029345372460496
  },
  "token_length_hist": {
    "2": 103,
    "4": 95,
    "6": 65,
    "10": 20,
    "8": 48,
    "1": 168,
    "15": 38,
    "3": 90,
    "5": 64,
    "7": 41,
    "9": 35,
    "11": 10,
    "12": 7,
    "52": 1,
    "13": 21,
    "54": 3,
    "57": 3,
    "56": 3,
    "55": 3,
    "64": 3,
    "231": 5,
    "16": 36,
    "14": 8,
    "25": 7,
    "26": 1,
    "23": 4,
    "22": 4
  }
}