{
  "folio": "F6V",
  "total_lines": 150,
  "total_tokens": 357,
  "rel_counts": {
    "REL_Q": 13
  },
  "state_counts": {
    "STATE_Y": 13,
    "STATE_AIIN": 8
  },
  "rel_freq": {
    "REL_Q": 0.036414565826330535
  },
  "state_freq": {
    "STATE_Y": 0.036414565826330535,
    "STATE_AIIN": 0.022408963585434174
  },
  "token_length_hist": {
    "2": 18,
    "4": 11,
    "6": 16,
    "10": 5,
    "8": 7,
    "1": 68,
    "15": 3,
    "3": 19,
    "5": 8,
    "7": 10,
    "11": 2,
    "9": 5,
    "12": 1,
    "13": 39,
    "55": 5,
    "57": 4,
    "61": 4,
    "58": 5,
    "40": 3,
    "42": 1,
    "37": 4,
    "38": 9,
    "34": 5,
    "32": 13,
    "14": 53,
    "31": 4,
    "33": 5,
    "36": 14,
    "22": 4,
    "20": 4,
    "24": 4,
    "21": 4
  }
}