{
  "folio": "F71V",
  "total_lines": 172,
  "total_tokens": 686,
  "rel_counts": {
    "REL_AL": 3,
    "REL_OR": 1,
    "REL_OL": 2
  },
  "state_counts": {
    "STATE_Y": 37,
    "STATE_AIIN": 12
  },
  "rel_freq": {
    "REL_AL": 0.004373177842565598,
    "REL_OR": 0.0014577259475218659,
    "REL_OL": 0.0029154518950437317
  },
  "state_freq": {
    "STATE_Y": 0.05393586005830904,
    "STATE_AIIN": 0.01749271137026239
  },
  "token_length_hist": {
    "2": 64,
    "4": 52,
    "6": 60,
    "10": 10,
    "8": 54,
    "1": 128,
    "15": 33,
    "7": 44,
    "5": 65,
    "3": 56,
    "9": 45,
    "13": 21,
    "11": 6,
    "21": 1,
    "12": 3,
    "14": 38,
    "233": 2,
    "158": 2,
    "72": 2
  }
}