{
  "folio": "F72R1",
  "total_lines": 184,
  "total_tokens": 824,
  "rel_counts": {
    "REL_AL": 3,
    "REL_OR": 1
  },
  "state_counts": {
    "STATE_Y": 38,
    "STATE_AIN": 3
  },
  "rel_freq": {
    "REL_AL": 0.0036407766990291263,
    "REL_OR": 0.0012135922330097086
  },
  "state_freq": {
    "STATE_Y": 0.04611650485436893,
    "STATE_AIN": 0.0036407766990291263
  },
  "token_length_hist": {
    "2": 89,
    "4": 62,
    "6": 67,
    "10": 17,
    "8": 40,
    "1": 154,
    "15": 31,
    "7": 54,
    "5": 108,
    "3": 89,
    "9": 39,
    "11": 7,
    "36": 1,
    "12": 15,
    "13": 4,
    "254": 2,
    "14": 16,
    "16": 25,
    "175": 2,
    "95": 2
  }
}