{
  "folio": "F72V1",
  "total_lines": 225,
  "total_tokens": 1030,
  "rel_counts": {
    "REL_Q": 3,
    "REL_OR": 10,
    "REL_AL": 3
  },
  "state_counts": {
    "STATE_Y": 69,
    "STATE_AIN": 1
  },
  "rel_freq": {
    "REL_Q": 0.002912621359223301,
    "REL_OR": 0.009708737864077669,
    "REL_AL": 0.002912621359223301
  },
  "state_freq": {
    "STATE_Y": 0.06699029126213592,
    "STATE_AIN": 0.000970873786407767
  },
  "token_length_hist": {
    "2": 121,
    "4": 118,
    "6": 107,
    "10": 30,
    "8": 36,
    "1": 199,
    "15": 19,
    "7": 57,
    "5": 108,
    "3": 113,
    "9": 47,
    "11": 15,
    "13": 3,
    "12": 3,
    "267": 2,
    "16": 48,
    "170": 2,
    "63": 2
  }
}