{
  "folio": "F72V2",
  "total_lines": 243,
  "total_tokens": 996,
  "rel_counts": {
    "REL_Q": 1,
    "REL_OR": 7,
    "REL_AL": 1,
    "REL_OL": 3
  },
  "state_counts": {
    "STATE_Y": 63,
    "STATE_AIIN": 11
  },
  "rel_freq": {
    "REL_Q": 0.001004016064257028,
    "REL_OR": 0.007028112449799197,
    "REL_AL": 0.001004016064257028,
    "REL_OL": 0.0030120481927710845
  },
  "state_freq": {
    "STATE_Y": 0.06325301204819277,
    "STATE_AIIN": 0.01104417670682731
  },
  "token_length_hist": {
    "2": 98,
    "4": 116,
    "6": 91,
    "10": 26,
    "8": 42,
    "1": 177,
    "15": 25,
    "7": 67,
    "5": 100,
    "3": 107,
    "11": 8,
    "9": 51,
    "12": 9,
    "14": 1,
    "257": 2,
    "13": 2,
    "16": 70,
    "179": 2,
    "77": 2
  }
}