{
  "folio": "F73R",
  "total_lines": 203,
  "total_tokens": 727,
  "rel_counts": {
    "REL_OR": 1
  },
  "state_counts": {
    "STATE_Y": 57,
    "STATE_AIIN": 2
  },
  "rel_freq": {
    "REL_OR": 0.001375515818431912
  },
  "state_freq": {
    "STATE_Y": 0.07840440165061899,
    "STATE_AIIN": 0.002751031636863824
  },
  "token_length_hist": {
    "2": 73,
    "4": 86,
    "6": 56,
    "10": 10,
    "8": 25,
    "1": 147,
    "15": 59,
    "9": 48,
    "5": 71,
    "3": 67,
    "7": 43,
    "11": 10,
    "49": 1,
    "12": 2,
    "13": 5,
    "14": 18,
    "233": 2,
    "147": 2,
    "66": 2
  }
}