{
  "folio": "F73V",
  "total_lines": 220,
  "total_tokens": 789,
  "rel_counts": {
    "REL_OR": 5,
    "REL_AL": 3,
    "REL_Q": 3
  },
  "state_counts": {
    "STATE_Y": 61,
    "STATE_AIIN": 2,
    "STATE_AIN": 2
  },
  "rel_freq": {
    "REL_OR": 0.0063371356147021544,
    "REL_AL": 0.0038022813688212928,
    "REL_Q": 0.0038022813688212928
  },
  "state_freq": {
    "STATE_Y": 0.07731305449936629,
    "STATE_AIIN": 0.0025348542458808617,
    "STATE_AIN": 0.0025348542458808617
  },
  "token_length_hist": {
    "2": 72,
    "4": 76,
    "6": 84,
    "10": 16,
    "8": 29,
    "1": 153,
    "15": 69,
    "13": 2,
    "5": 78,
    "3": 77,
    "7": 33,
    "11": 10,
    "9": 54,
    "12": 6,
    "14": 24,
    "234": 2,
    "146": 2,
    "68": 2
  }
}