{
  "folio": "F75V",
  "total_lines": 500,
  "total_tokens": 1522,
  "rel_counts": {
    "REL_AL": 8,
    "REL_Q": 51,
    "REL_OR": 4,
    "REL_OL": 13
  },
  "state_counts": {
    "STATE_Y": 156,
    "STATE_AIIN": 15
  },
  "rel_freq": {
    "REL_AL": 0.005256241787122208,
    "REL_Q": 0.03350854139290407,
    "REL_OR": 0.002628120893561104,
    "REL_OL": 0.008541392904073587
  },
  "state_freq": {
    "STATE_Y": 0.10249671484888305,
    "STATE_AIIN": 0.00985545335085414
  },
  "token_length_hist": {
    "2": 126,
    "4": 149,
    "6": 78,
    "10": 21,
    "8": 53,
    "1": 242,
    "15": 266,
    "5": 125,
    "3": 118,
    "7": 57,
    "11": 9,
    "9": 37,
    "28": 1,
    "12": 9,
    "14": 37,
    "13": 9,
    "81": 4,
    "82": 6,
    "83": 5,
    "84": 5,
    "79": 10,
    "75": 6,
    "73": 11,
    "76": 5,
    "74": 14,
    "68": 15,
    "69": 5,
    "43": 5,
    "72": 4,
    "71": 10,
    "67": 5,
    "70": 5,
    "44": 9,
    "45": 6,
    "53": 5,
    "48": 5,
    "47": 5,
    "60": 10,
    "56": 5,
    "37": 5,
    "33": 5,
    "30": 10,
    "29": 5
  }
}