{
  "folio": "F76R",
  "total_lines": 350,
  "total_tokens": 852,
  "rel_counts": {
    "REL_AL": 1,
    "REL_Q": 47,
    "REL_OL": 4
  },
  "state_counts": {
    "STATE_Y": 101,
    "STATE_AIN": 5,
    "STATE_AIIN": 1
  },
  "rel_freq": {
    "REL_AL": 0.0011737089201877935,
    "REL_Q": 0.05516431924882629,
    "REL_OL": 0.004694835680751174
  },
  "state_freq": {
    "STATE_Y": 0.11854460093896714,
    "STATE_AIN": 0.005868544600938967,
    "STATE_AIIN": 0.0011737089201877935
  },
  "token_length_hist": {
    "2": 30,
    "4": 37,
    "6": 25,
    "10": 8,
    "8": 16,
    "1": 177,
    "15": 196,
    "3": 25,
    "5": 33,
    "7": 55,
    "9": 7,
    "11": 6,
    "12": 4,
    "13": 7,
    "14": 38,
    "79": 19,
    "80": 13,
    "76": 29,
    "75": 20,
    "81": 8,
    "82": 8,
    "77": 12,
    "70": 4,
    "84": 4,
    "74": 7,
    "41": 4,
    "78": 4,
    "71": 4,
    "56": 8,
    "66": 4,
    "62": 16,
    "63": 4,
    "53": 3,
    "54": 1,
    "65": 4,
    "61": 8,
    "34": 4
  }
}