{
  "folio": "F77V",
  "total_lines": 278,
  "total_tokens": 682,
  "rel_counts": {
    "REL_OL": 9,
    "REL_OR": 3,
    "REL_Q": 32
  },
  "state_counts": {
    "STATE_Y": 40,
    "STATE_AIIN": 1
  },
  "rel_freq": {
    "REL_OL": 0.013196480938416423,
    "REL_OR": 0.004398826979472141,
    "REL_Q": 0.0469208211143695
  },
  "state_freq": {
    "STATE_Y": 0.05865102639296188,
    "STATE_AIIN": 0.001466275659824047
  },
  "token_length_hist": {
    "2": 36,
    "4": 35,
    "6": 31,
    "10": 14,
    "8": 29,
    "1": 118,
    "15": 142,
    "3": 26,
    "5": 25,
    "7": 24,
    "11": 2,
    "9": 11,
    "12": 4,
    "13": 5,
    "14": 32,
    "66": 20,
    "68": 12,
    "67": 12,
    "65": 16,
    "62": 8,
    "70": 12,
    "17": 4,
    "61": 4,
    "63": 4,
    "60": 8,
    "51": 8,
    "39": 4,
    "69": 12,
    "72": 4,
    "52": 8,
    "53": 4,
    "73": 4,
    "46": 4
  }
}