{
  "folio": "F79R",
  "total_lines": 256,
  "total_tokens": 521,
  "rel_counts": {
    "REL_Q": 41
  },
  "state_counts": {
    "STATE_Y": 83,
    "STATE_AIIN": 1
  },
  "rel_freq": {
    "REL_Q": 0.07869481765834933
  },
  "state_freq": {
    "STATE_Y": 0.15930902111324377,
    "STATE_AIIN": 0.0019193857965451055
  },
  "token_length_hist": {
    "2": 11,
    "4": 12,
    "6": 11,
    "10": 5,
    "8": 10,
    "1": 88,
    "15": 141,
    "3": 9,
    "5": 5,
    "7": 8,
    "11": 2,
    "9": 4,
    "12": 2,
    "13": 1,
    "14": 36,
    "61": 8,
    "62": 1,
    "58": 11,
    "65": 4,
    "63": 4,
    "66": 4,
    "53": 16,
    "59": 11,
    "60": 5,
    "56": 24,
    "42": 4,
    "55": 5,
    "41": 4,
    "57": 4,
    "52": 10,
    "54": 11,
    "50": 8,
    "29": 4,
    "51": 14,
    "40": 4,
    "48": 4,
    "27": 4,
    "49": 8,
    "28": 4
  }
}