{
  "folio": "F79V",
  "total_lines": 246,
  "total_tokens": 516,
  "rel_counts": {
    "REL_Q": 48,
    "REL_OL": 12
  },
  "state_counts": {
    "STATE_Y": 70,
    "STATE_AIIN": 3
  },
  "rel_freq": {
    "REL_Q": 0.09302325581395349,
    "REL_OL": 0.023255813953488372
  },
  "state_freq": {
    "STATE_Y": 0.13565891472868216,
    "STATE_AIIN": 0.005813953488372093
  },
  "token_length_hist": {
    "2": 12,
    "4": 14,
    "6": 11,
    "10": 6,
    "8": 11,
    "1": 87,
    "15": 133,
    "3": 10,
    "5": 9,
    "7": 9,
    "9": 5,
    "11": 2,
    "12": 2,
    "13": 1,
    "14": 36,
    "51": 15,
    "52": 21,
    "56": 17,
    "54": 31,
    "36": 4,
    "55": 16,
    "57": 11,
    "58": 9,
    "60": 5,
    "59": 15,
    "32": 4,
    "48": 4,
    "39": 4,
    "61": 3,
    "62": 1,
    "37": 4,
    "46": 4
  }
}