{
  "folio": "F7R",
  "total_lines": 104,
  "total_tokens": 395,
  "rel_counts": {
    "REL_AL": 3,
    "REL_OR": 1,
    "REL_Q": 6
  },
  "state_counts": {
    "STATE_Y": 17,
    "STATE_AIN": 4,
    "STATE_AIIN": 6
  },
  "rel_freq": {
    "REL_AL": 0.007594936708860759,
    "REL_OR": 0.002531645569620253,
    "REL_Q": 0.015189873417721518
  },
  "state_freq": {
    "STATE_Y": 0.043037974683544304,
    "STATE_AIN": 0.010126582278481013,
    "STATE_AIIN": 0.015189873417721518
  },
  "token_length_hist": {
    "2": 34,
    "4": 36,
    "6": 30,
    "10": 13,
    "8": 19,
    "1": 87,
    "15": 1,
    "3": 41,
    "5": 31,
    "7": 18,
    "11": 7,
    "9": 13,
    "12": 1,
    "17": 1,
    "16": 1,
    "52": 4,
    "59": 4,
    "13": 27,
    "57": 9,
    "53": 3,
    "62": 3,
    "25": 3,
    "58": 3,
    "14": 3,
    "36": 3
  }
}