{
  "folio": "F7V",
  "total_lines": 79,
  "total_tokens": 221,
  "rel_counts": {
    "REL_Q": 8
  },
  "state_counts": {
    "STATE_Y": 12,
    "STATE_AIIN": 8
  },
  "rel_freq": {
    "REL_Q": 0.03619909502262444
  },
  "state_freq": {
    "STATE_Y": 0.05429864253393665,
    "STATE_AIIN": 0.03619909502262444
  },
  "token_length_hist": {
    "2": 15,
    "4": 9,
    "6": 15,
    "10": 5,
    "8": 9,
    "1": 52,
    "15": 1,
    "3": 21,
    "5": 7,
    "7": 6,
    "11": 2,
    "9": 5,
    "12": 1,
    "16": 1,
    "13": 36,
    "51": 8,
    "52": 8,
    "54": 4,
    "32": 4,
    "64": 4,
    "56": 4,
    "57": 4
  }
}