{
  "folio": "F81V",
  "total_lines": 178,
  "total_tokens": 396,
  "rel_counts": {
    "REL_Q": 35,
    "REL_OL": 4,
    "REL_OR": 1
  },
  "state_counts": {
    "STATE_Y": 59,
    "STATE_AIN": 4
  },
  "rel_freq": {
    "REL_Q": 0.08838383838383838,
    "REL_OL": 0.010101010101010102,
    "REL_OR": 0.0025252525252525255
  },
  "state_freq": {
    "STATE_Y": 0.14898989898989898,
    "STATE_AIN": 0.010101010101010102
  },
  "token_length_hist": {
    "2": 16,
    "4": 14,
    "6": 16,
    "10": 6,
    "8": 12,
    "1": 77,
    "15": 76,
    "3": 8,
    "5": 7,
    "7": 7,
    "11": 5,
    "9": 4,
    "12": 2,
    "13": 2,
    "14": 36,
    "64": 3,
    "65": 1,
    "59": 5,
    "57": 8,
    "55": 20,
    "53": 24,
    "54": 4,
    "56": 16,
    "58": 15,
    "51": 4,
    "61": 4,
    "48": 4
  }
}