{
  "folio": "F82R",
  "total_lines": 312,
  "total_tokens": 975,
  "rel_counts": {
    "REL_AL": 1,
    "REL_Q": 36,
    "REL_OR": 3,
    "REL_OL": 6
  },
  "state_counts": {
    "STATE_Y": 78,
    "STATE_AIIN": 7,
    "STATE_AIN": 3
  },
  "rel_freq": {
    "REL_AL": 0.0010256410256410256,
    "REL_Q": 0.036923076923076927,
    "REL_OR": 0.003076923076923077,
    "REL_OL": 0.006153846153846154
  },
  "state_freq": {
    "STATE_Y": 0.08,
    "STATE_AIIN": 0.0071794871794871795,
    "STATE_AIN": 0.003076923076923077
  },
  "token_length_hist": {
    "2": 73,
    "4": 67,
    "6": 77,
    "10": 17,
    "8": 34,
    "1": 173,
    "15": 134,
    "3": 73,
    "5": 66,
    "7": 32,
    "11": 2,
    "9": 34,
    "21": 1,
    "12": 6,
    "13": 16,
    "14": 41,
    "75": 4,
    "79": 4,
    "63": 9,
    "74": 8,
    "68": 4,
    "69": 5,
    "58": 12,
    "55": 4,
    "67": 11,
    "54": 4,
    "70": 7,
    "71": 1,
    "16": 1,
    "43": 4,
    "62": 8,
    "59": 16,
    "57": 12,
    "60": 4,
    "56": 4,
    "61": 3,
    "34": 4
  }
}