{
  "folio": "F83V",
  "total_lines": 231,
  "total_tokens": 583,
  "rel_counts": {
    "REL_Q": 47,
    "REL_OR": 5,
    "REL_OL": 11
  },
  "state_counts": {
    "STATE_Y": 71,
    "STATE_AIIN": 7
  },
  "rel_freq": {
    "REL_Q": 0.08061749571183534,
    "REL_OR": 0.008576329331046312,
    "REL_OL": 0.018867924528301886
  },
  "state_freq": {
    "STATE_Y": 0.12178387650085763,
    "STATE_AIIN": 0.012006861063464836
  },
  "token_length_hist": {
    "2": 39,
    "4": 28,
    "6": 42,
    "10": 10,
    "8": 17,
    "1": 109,
    "15": 103,
    "3": 21,
    "5": 18,
    "7": 16,
    "11": 3,
    "9": 6,
    "14": 36,
    "12": 7,
    "13": 4,
    "66": 19,
    "67": 5,
    "62": 12,
    "64": 8,
    "65": 4,
    "38": 8,
    "79": 3,
    "80": 1,
    "69": 4,
    "68": 4,
    "60": 5,
    "63": 4,
    "59": 3,
    "46": 8,
    "44": 4,
    "39": 8,
    "41": 4,
    "40": 4,
    "37": 4,
    "27": 4,
    "31": 4,
    "26": 4
  }
}