{
  "folio": "F84V",
  "total_lines": 299,
  "total_tokens": 718,
  "rel_counts": {
    "REL_Q": 53,
    "REL_OL": 4,
    "REL_OR": 2,
    "REL_AL": 2
  },
  "state_counts": {
    "STATE_Y": 25,
    "STATE_AIN": 5
  },
  "rel_freq": {
    "REL_Q": 0.07381615598885793,
    "REL_OL": 0.005571030640668524,
    "REL_OR": 0.002785515320334262,
    "REL_AL": 0.002785515320334262
  },
  "state_freq": {
    "STATE_Y": 0.034818941504178275,
    "STATE_AIN": 0.006963788300835654
  },
  "token_length_hist": {
    "2": 45,
    "4": 43,
    "6": 32,
    "10": 11,
    "8": 20,
    "1": 118,
    "15": 159,
    "3": 20,
    "5": 26,
    "7": 19,
    "11": 5,
    "9": 18,
    "18": 1,
    "12": 3,
    "13": 2,
    "14": 34,
    "35": 7,
    "37": 3,
    "52": 7,
    "54": 8,
    "51": 4,
    "45": 4,
    "53": 1,
    "50": 8,
    "57": 4,
    "63": 7,
    "67": 7,
    "75": 8,
    "79": 16,
    "77": 4,
    "78": 8,
    "76": 4,
    "80": 4,
    "94": 2,
    "92": 1,
    "95": 1,
    "90": 3,
    "88": 1,
    "70": 3,
    "68": 6,
    "65": 5,
    "48": 4,
    "44": 4,
    "46": 8,
    "47": 12,
    "62": 1,
    "69": 3,
    "31": 4
  }
}