{
  "folio": "F86V5",
  "total_lines": 162,
  "total_tokens": 368,
  "rel_counts": {
    "REL_OL": 2,
    "REL_Q": 4
  },
  "state_counts": {
    "STATE_Y": 23,
    "STATE_AIIN": 8
  },
  "rel_freq": {
    "REL_OL": 0.005434782608695652,
    "REL_Q": 0.010869565217391304
  },
  "state_freq": {
    "STATE_Y": 0.0625,
    "STATE_AIIN": 0.021739130434782608
  },
  "token_length_hist": {
    "2": 19,
    "4": 12,
    "6": 14,
    "10": 5,
    "8": 10,
    "1": 91,
    "15": 20,
    "3": 18,
    "5": 17,
    "7": 8,
    "9": 7,
    "11": 1,
    "12": 1,
    "67": 2,
    "64": 4,
    "62": 8,
    "58": 14,
    "48": 2,
    "61": 2,
    "57": 7,
    "16": 63,
    "56": 12,
    "54": 2,
    "59": 3,
    "60": 6,
    "55": 2,
    "36": 2,
    "63": 2,
    "53": 6,
    "51": 2,
    "52": 4,
    "31": 2
  }
}