{
  "folio": "F86V3",
  "total_lines": 285,
  "total_tokens": 1316,
  "rel_counts": {
    "REL_OR": 4,
    "REL_AL": 1,
    "REL_Q": 2
  },
  "state_counts": {
    "STATE_Y": 48,
    "STATE_AIIN": 13,
    "STATE_AIN": 2
  },
  "rel_freq": {
    "REL_OR": 0.00303951367781155,
    "REL_AL": 0.0007598784194528875,
    "REL_Q": 0.001519756838905775
  },
  "state_freq": {
    "STATE_Y": 0.0364741641337386,
    "STATE_AIIN": 0.009878419452887538,
    "STATE_AIN": 0.001519756838905775
  },
  "token_length_hist": {
    "2": 143,
    "4": 169,
    "6": 91,
    "10": 26,
    "8": 43,
    "1": 235,
    "15": 37,
    "3": 145,
    "5": 128,
    "7": 62,
    "9": 39,
    "11": 7,
    "12": 9,
    "14": 1,
    "13": 6,
    "18": 1,
    "49": 4,
    "50": 4,
    "40": 4,
    "55": 4,
    "58": 12,
    "60": 16,
    "41": 6,
    "22": 4,
    "16": 70,
    "56": 6,
    "42": 2,
    "43": 2,
    "53": 2,
    "51": 2,
    "48": 4,
    "35": 2,
    "32": 2,
    "75": 2,
    "81": 2,
    "77": 4,
    "84": 2,
    "47": 2,
    "36": 4,
    "61": 4,
    "57": 4,
    "26": 4
  }
}