{
  "folio": "F86V6",
  "total_lines": 175,
  "total_tokens": 404,
  "rel_counts": {
    "REL_Q": 16,
    "REL_OR": 2,
    "REL_AL": 2
  },
  "state_counts": {
    "STATE_Y": 30,
    "STATE_AIIN": 10
  },
  "rel_freq": {
    "REL_Q": 0.039603960396039604,
    "REL_OR": 0.0049504950495049506,
    "REL_AL": 0.0049504950495049506
  },
  "state_freq": {
    "STATE_Y": 0.07425742574257425,
    "STATE_AIIN": 0.024752475247524754
  },
  "token_length_hist": {
    "2": 20,
    "4": 18,
    "6": 13,
    "10": 5,
    "8": 10,
    "1": 94,
    "15": 19,
    "3": 25,
    "5": 18,
    "7": 9,
    "9": 7,
    "11": 1,
    "12": 1,
    "84": 1,
    "80": 1,
    "73": 2,
    "71": 8,
    "65": 4,
    "68": 4,
    "66": 8,
    "61": 8,
    "16": 73,
    "62": 6,
    "32": 2,
    "72": 4,
    "67": 9,
    "64": 8,
    "70": 4,
    "51": 2,
    "69": 6,
    "63": 4,
    "60": 2,
    "54": 2,
    "59": 4,
    "55": 2
  }
}