{
  "folio": "F87V",
  "total_lines": 93,
  "total_tokens": 210,
  "rel_counts": {
    "REL_Q": 3
  },
  "state_counts": {
    "STATE_Y": 2,
    "STATE_AIIN": 1
  },
  "rel_freq": {
    "REL_Q": 0.014285714285714285
  },
  "state_freq": {
    "STATE_Y": 0.009523809523809525,
    "STATE_AIIN": 0.004761904761904762
  },
  "token_length_hist": {
    "2": 8,
    "4": 8,
    "6": 11,
    "10": 3,
    "8": 9,
    "1": 55,
    "15": 22,
    "3": 6,
    "5": 3,
    "7": 5,
    "11": 1,
    "9": 3,
    "12": 1,
    "14": 27,
    "73": 2,
    "74": 1,
    "57": 4,
    "56": 8,
    "49": 3,
    "54": 3,
    "53": 6,
    "60": 3,
    "25": 3,
    "48": 9,
    "44": 3,
    "23": 3
  }
}