{
  "folio": "F88R",
  "total_lines": 234,
  "total_tokens": 726,
  "rel_counts": {
    "REL_AL": 1,
    "REL_OR": 11,
    "REL_OL": 4,
    "REL_Q": 6
  },
  "state_counts": {
    "STATE_Y": 39
  },
  "rel_freq": {
    "REL_AL": 0.0013774104683195593,
    "REL_OR": 0.015151515151515152,
    "REL_OL": 0.005509641873278237,
    "REL_Q": 0.008264462809917356
  },
  "state_freq": {
    "STATE_Y": 0.05371900826446281
  },
  "token_length_hist": {
    "2": 43,
    "4": 66,
    "6": 64,
    "10": 12,
    "8": 27,
    "1": 161,
    "15": 76,
    "3": 28,
    "5": 110,
    "7": 18,
    "11": 3,
    "9": 19,
    "14": 33,
    "12": 3,
    "13": 15,
    "56": 9,
    "54": 3,
    "55": 3,
    "49": 6,
    "50": 3,
    "51": 6,
    "52": 3,
    "62": 3,
    "58": 6,
    "57": 3,
    "35": 3
  }
}