{
  "folio": "F88V",
  "total_lines": 210,
  "total_tokens": 591,
  "rel_counts": {
    "REL_AL": 4,
    "REL_Q": 6
  },
  "state_counts": {
    "STATE_Y": 35,
    "STATE_AIIN": 10
  },
  "rel_freq": {
    "REL_AL": 0.00676818950930626,
    "REL_Q": 0.01015228426395939
  },
  "state_freq": {
    "STATE_Y": 0.05922165820642978,
    "STATE_AIIN": 0.01692047377326565
  },
  "token_length_hist": {
    "2": 26,
    "4": 34,
    "6": 65,
    "10": 12,
    "8": 28,
    "1": 137,
    "15": 73,
    "3": 13,
    "5": 64,
    "7": 22,
    "11": 10,
    "9": 9,
    "14": 33,
    "12": 1,
    "13": 13,
    "67": 3,
    "57": 6,
    "58": 3,
    "54": 9,
    "37": 3,
    "66": 3,
    "56": 3,
    "53": 3,
    "55": 6,
    "43": 3,
    "52": 3,
    "61": 3,
    "24": 3
  }
}