{
  "folio": "F89V1",
  "total_lines": 173,
  "total_tokens": 506,
  "rel_counts": {
    "REL_AL": 3,
    "REL_Q": 11
  },
  "state_counts": {
    "STATE_Y": 40,
    "STATE_AIIN": 10,
    "STATE_AIN": 4
  },
  "rel_freq": {
    "REL_AL": 0.005928853754940711,
    "REL_Q": 0.021739130434782608
  },
  "state_freq": {
    "STATE_Y": 0.07905138339920949,
    "STATE_AIIN": 0.019762845849802372,
    "STATE_AIN": 0.007905138339920948
  },
  "token_length_hist": {
    "2": 36,
    "4": 31,
    "6": 38,
    "10": 9,
    "8": 20,
    "1": 118,
    "15": 35,
    "3": 20,
    "5": 50,
    "7": 18,
    "9": 22,
    "11": 9,
    "14": 1,
    "16": 49,
    "12": 2,
    "13": 3,
    "61": 6,
    "58": 12,
    "54": 3,
    "56": 6,
    "62": 3,
    "60": 9,
    "55": 3,
    "41": 3
  }
}