{
  "folio": "F90R2",
  "total_lines": 54,
  "total_tokens": 155,
  "rel_counts": {
    "REL_AL": 3
  },
  "state_counts": {
    "STATE_Y": 5,
    "STATE_AIIN": 3
  },
  "rel_freq": {
    "REL_AL": 0.01935483870967742
  },
  "state_freq": {
    "STATE_Y": 0.03225806451612903,
    "STATE_AIIN": 0.01935483870967742
  },
  "token_length_hist": {
    "2": 10,
    "4": 6,
    "6": 14,
    "10": 4,
    "8": 7,
    "1": 46,
    "15": 19,
    "3": 6,
    "5": 10,
    "7": 7,
    "9": 6,
    "11": 1,
    "12": 1,
    "53": 3,
    "63": 3,
    "60": 3,
    "54": 3,
    "56": 3,
    "28": 3
  }
}