{
  "folio": "F90R1",
  "total_lines": 67,
  "total_tokens": 187,
  "rel_counts": {
    "REL_AL": 1
  },
  "state_counts": {
    "STATE_Y": 2
  },
  "rel_freq": {
    "REL_AL": 0.0053475935828877
  },
  "state_freq": {
    "STATE_Y": 0.0106951871657754
  },
  "token_length_hist": {
    "2": 12,
    "4": 12,
    "6": 13,
    "10": 4,
    "8": 7,
    "1": 49,
    "15": 28,
    "3": 7,
    "5": 14,
    "7": 5,
    "9": 6,
    "11": 1,
    "16": 1,
    "12": 1,
    "45": 6,
    "46": 3,
    "49": 3,
    "78": 3,
    "69": 6,
    "73": 3,
    "64": 3
  }
}