{
  "folio": "F90V1",
  "total_lines": 79,
  "total_tokens": 195,
  "rel_counts": {},
  "state_counts": {
    "STATE_Y": 17,
    "STATE_AIIN": 3
  },
  "rel_freq": {},
  "state_freq": {
    "STATE_Y": 0.08717948717948718,
    "STATE_AIIN": 0.015384615384615385
  },
  "token_length_hist": {
    "2": 13,
    "4": 6,
    "6": 10,
    "10": 4,
    "8": 7,
    "1": 55,
    "15": 28,
    "5": 8,
    "3": 9,
    "7": 7,
    "9": 7,
    "11": 1,
    "12": 1,
    "95": 3,
    "93": 6,
    "87": 3,
    "77": 3,
    "30": 3,
    "67": 3,
    "65": 6,
    "66": 3,
    "16": 6,
    "53": 1,
    "52": 2
  }
}