{
  "folio": "F93V",
  "total_lines": 60,
  "total_tokens": 142,
  "rel_counts": {},
  "state_counts": {
    "STATE_Y": 4,
    "STATE_AIIN": 2
  },
  "rel_freq": {},
  "state_freq": {
    "STATE_Y": 0.028169014084507043,
    "STATE_AIIN": 0.014084507042253521
  },
  "token_length_hist": {
    "2": 7,
    "4": 6,
    "6": 10,
    "10": 3,
    "8": 8,
    "1": 48,
    "15": 3,
    "3": 5,
    "5": 2,
    "7": 5,
    "11": 1,
    "9": 4,
    "13": 1,
    "12": 1,
    "14": 18,
    "86": 6,
    "88": 2,
    "91": 1,
    "90": 1,
    "67": 2,
    "70": 2,
    "74": 2,
    "71": 2,
    "25": 2
  }
}