{
  "folio": "F94R",
  "total_lines": 61,
  "total_tokens": 156,
  "rel_counts": {},
  "state_counts": {
    "STATE_Y": 5,
    "STATE_AIIN": 2
  },
  "rel_freq": {},
  "state_freq": {
    "STATE_Y": 0.03205128205128205,
    "STATE_AIIN": 0.01282051282051282
  },
  "token_length_hist": {
    "2": 10,
    "4": 7,
    "6": 13,
    "10": 4,
    "8": 10,
    "1": 52,
    "15": 2,
    "3": 5,
    "5": 3,
    "7": 7,
    "11": 1,
    "9": 5,
    "12": 1,
    "14": 18,
    "64": 2,
    "61": 2,
    "58": 2,
    "60": 4,
    "59": 2,
    "56": 2,
    "62": 2,
    "20": 2
  }
}