{
  "folio": "F95R2",
  "total_lines": 91,
  "total_tokens": 440,
  "rel_counts": {
    "REL_AL": 1,
    "REL_OR": 1
  },
  "state_counts": {
    "STATE_Y": 18
  },
  "rel_freq": {
    "REL_AL": 0.0022727272727272726,
    "REL_OR": 0.0022727272727272726
  },
  "state_freq": {
    "STATE_Y": 0.04090909090909091
  },
  "token_length_hist": {
    "2": 43,
    "4": 61,
    "6": 34,
    "10": 12,
    "8": 14,
    "1": 82,
    "15": 29,
    "3": 52,
    "5": 45,
    "7": 25,
    "9": 12,
    "11": 1,
    "14": 1,
    "13": 1,
    "12": 1,
    "56": 3,
    "58": 6,
    "35": 3,
    "55": 6,
    "54": 3,
    "53": 3,
    "43": 3
  }
}