{
  "folio": "F95V2",
  "total_lines": 62,
  "total_tokens": 163,
  "rel_counts": {
    "REL_Q": 3
  },
  "state_counts": {
    "STATE_Y": 11,
    "STATE_AIIN": 1
  },
  "rel_freq": {
    "REL_Q": 0.018404907975460124
  },
  "state_freq": {
    "STATE_Y": 0.06748466257668712,
    "STATE_AIIN": 0.006134969325153374
  },
  "token_length_hist": {
    "2": 10,
    "4": 7,
    "6": 11,
    "10": 5,
    "8": 7,
    "1": 50,
    "15": 22,
    "3": 8,
    "5": 7,
    "7": 5,
    "9": 7,
    "11": 1,
    "16": 1,
    "12": 1,
    "62": 6,
    "63": 3,
    "61": 3,
    "71": 3,
    "66": 3,
    "49": 3
  }
}