{
  "folio": "F96V",
  "total_lines": 72,
  "total_tokens": 170,
  "rel_counts": {},
  "state_counts": {
    "STATE_Y": 4,
    "STATE_AIIN": 2
  },
  "rel_freq": {},
  "state_freq": {
    "STATE_Y": 0.023529411764705882,
    "STATE_AIIN": 0.011764705882352941
  },
  "token_length_hist": {
    "2": 10,
    "4": 7,
    "6": 10,
    "10": 3,
    "8": 8,
    "1": 54,
    "15": 9,
    "3": 9,
    "5": 2,
    "7": 7,
    "11": 1,
    "9": 4,
    "13": 1,
    "12": 1,
    "14": 18,
    "62": 2,
    "68": 2,
    "66": 2,
    "31": 2,
    "44": 2,
    "35": 2,
    "37": 1,
    "36": 1,
    "32": 2,
    "33": 6,
    "30": 2,
    "16": 2
  }
}