{
  "folio": "F99R",
  "total_lines": 326,
  "total_tokens": 923,
  "rel_counts": {
    "REL_AL": 5,
    "REL_OR": 3,
    "REL_Q": 7
  },
  "state_counts": {
    "STATE_Y": 64,
    "STATE_AIN": 3
  },
  "rel_freq": {
    "REL_AL": 0.005417118093174431,
    "REL_OR": 0.0032502708559046588,
    "REL_Q": 0.007583965330444204
  },
  "state_freq": {
    "STATE_Y": 0.06933911159263272,
    "STATE_AIN": 0.0032502708559046588
  },
  "token_length_hist": {
    "2": 47,
    "4": 94,
    "6": 84,
    "10": 12,
    "8": 42,
    "1": 251,
    "15": 118,
    "3": 49,
    "5": 115,
    "7": 16,
    "11": 2,
    "9": 22,
    "14": 27,
    "13": 1,
    "12": 2,
    "67": 6,
    "62": 2,
    "57": 4,
    "61": 9,
    "56": 2,
    "44": 2,
    "65": 2,
    "74": 2,
    "26": 3,
    "63": 3,
    "68": 3,
    "69": 1,
    "25": 2
  }
}