{
  "folio": "F9R",
  "total_lines": 84,
  "total_tokens": 261,
  "rel_counts": {
    "REL_OR": 3,
    "REL_Q": 3
  },
  "state_counts": {
    "STATE_Y": 19,
    "STATE_AIIN": 5
  },
  "rel_freq": {
    "REL_OR": 0.011494252873563218,
    "REL_Q": 0.011494252873563218
  },
  "state_freq": {
    "STATE_Y": 0.07279693486590039,
    "STATE_AIIN": 0.019157088122605363
  },
  "token_length_hist": {
    "2": 21,
    "4": 16,
    "6": 17,
    "10": 8,
    "8": 11,
    "1": 65,
    "15": 1,
    "3": 25,
    "5": 15,
    "7": 11,
    "11": 2,
    "9": 7,
    "12": 1,
    "16": 1,
    "13": 27,
    "62": 4,
    "63": 6,
    "58": 3,
    "67": 3,
    "74": 3,
    "61": 5,
    "72": 3,
    "14": 3,
    "22": 3
  }
}