{
  "folio": "F9V",
  "total_lines": 163,
  "total_tokens": 694,
  "rel_counts": {
    "REL_AL": 3,
    "REL_OR": 1,
    "REL_Q": 4
  },
  "state_counts": {
    "STATE_Y": 19,
    "STATE_AIIN": 8
  },
  "rel_freq": {
    "REL_AL": 0.004322766570605188,
    "REL_OR": 0.001440922190201729,
    "REL_Q": 0.005763688760806916
  },
  "state_freq": {
    "STATE_Y": 0.027377521613832854,
    "STATE_AIIN": 0.011527377521613832
  },
  "token_length_hist": {
    "2": 56,
    "4": 60,
    "6": 74,
    "10": 18,
    "8": 35,
    "1": 130,
    "15": 2,
    "9": 21,
    "5": 51,
    "3": 82,
    "7": 46,
    "11": 8,
    "12": 3,
    "13": 38,
    "16": 2,
    "44": 1,
    "52": 5,
    "49": 1,
    "55": 1,
    "50": 6,
    "35": 1,
    "33": 1,
    "63": 4,
    "70": 4,
    "60": 4,
    "47": 4,
    "83": 4,
    "86": 1,
    "88": 3,
    "78": 4,
    "14": 12,
    "34": 8,
    "20": 4
  }
}